Sample,Rep,Species,Reads,Prop,Gene,Primer,Taq,BSA,TD
C16.IPSF.1,1,Carcharodon carcharias,1517,0.050578468,16S,C16,IPSF,0,0
C16.IPSF.2,2,Carcharodon carcharias,2593,0.053704202,16S,C16,IPSF,0,0
C16.IPSF.3,3,Carcharodon carcharias,1608,0.063852599,16S,C16,IPSF,0,0
C16.NPHF.1,1,Carcharodon carcharias,8662,0.056331983,16S,C16,NPHF,0,0
C16.NPHF.2,2,Carcharodon carcharias,6420,0.047363995,16S,C16,NPHF,0,0
C16.NPHF.3,3,Carcharodon carcharias,8484,0.053187221,16S,C16,NPHF,0,0
C16.PGTF.1,1,Carcharodon carcharias,4711,0.072732045,16S,C16,PGTF,1,0
C16.PGTF.2,2,Carcharodon carcharias,2998,0.060158523,16S,C16,PGTF,1,0
C16.PGTF.3,3,Carcharodon carcharias,4755,0.072725326,16S,C16,PGTF,1,0
C16.QMMM.1,1,Carcharodon carcharias,249,0.07087959,16S,C16,QMMM,0,0
C16.QMMM.2,2,Carcharodon carcharias,204,0.08967033,16S,C16,QMMM,0,0
C16.QMMM.3,3,Carcharodon carcharias,346,0.069338677,16S,C16,QMMM,0,0
LRY.PGTF.1,1,Carcharodon carcharias,26186,0.094485177,COI,LRY,PGTF,1,0
LRY.PGTF.2,2,Carcharodon carcharias,25566,0.090437969,COI,LRY,PGTF,1,0
LRY.PGTF.3,3,Carcharodon carcharias,24227,0.08481388,COI,LRY,PGTF,1,0
LRY.QMMM.1,1,Carcharodon carcharias,9528,0.024444935,COI,LRY,QMMM,0,0
LRY.QMMM.2,2,Carcharodon carcharias,10665,0.027658841,COI,LRY,QMMM,0,0
LRY.QMMM.3,3,Carcharodon carcharias,5965,0.024227187,COI,LRY,QMMM,0,0
MFU.IPSF.1,1,Carcharodon carcharias,4,3.33E-05,12S,MFU,IPSF,0,0
MFU.IPSF.2,2,Carcharodon carcharias,2,1.70E-05,12S,MFU,IPSF,0,0
MFU.IPSF.3,3,Carcharodon carcharias,4,3.45E-05,12S,MFU,IPSF,0,0
MFU.IPSF.BSA.1,1,Carcharodon carcharias,5,4.44E-05,12S,MFU,IPSF,1,0
MFU.IPSF.BSA.2,2,Carcharodon carcharias,2,1.66E-05,12S,MFU,IPSF,1,0
MFU.IPSF.BSA.3,3,Carcharodon carcharias,0,0,12S,MFU,IPSF,1,0
MFU.IPSF.TD.1,1,Carcharodon carcharias,4,4.19E-05,12S,MFU,IPSF,0,1
MFU.IPSF.TD.2,2,Carcharodon carcharias,0,0,12S,MFU,IPSF,0,1
MFU.IPSF.TD.3,3,Carcharodon carcharias,0,0,12S,MFU,IPSF,0,1
MFU.NPHF.1,1,Carcharodon carcharias,62,0.000468589,12S,MFU,NPHF,0,0
MFU.NPHF.2,2,Carcharodon carcharias,69,0.000434944,12S,MFU,NPHF,0,0
MFU.NPHF.3,3,Carcharodon carcharias,65,0.000399727,12S,MFU,NPHF,0,0
MFU.NPHF.BSA.1,1,Carcharodon carcharias,73,0.000438123,12S,MFU,NPHF,1,0
MFU.NPHF.BSA.2,2,Carcharodon carcharias,53,0.000361144,12S,MFU,NPHF,1,0
MFU.NPHF.BSA.3,3,Carcharodon carcharias,38,0.000382002,12S,MFU,NPHF,1,0
MFU.NPHF.TD.1,1,Carcharodon carcharias,2,2.66E-05,12S,MFU,NPHF,0,1
MFU.NPHF.TD.2,2,Carcharodon carcharias,0,0,12S,MFU,NPHF,0,1
MFU.NPHF.TD.3,3,Carcharodon carcharias,0,0,12S,MFU,NPHF,0,1
MFU.PGTF.BSA.1,1,Carcharodon carcharias,189,0.001190244,12S,MFU,PGTF,1,0
MFU.PGTF.BSA.2,2,Carcharodon carcharias,154,0.001023038,12S,MFU,PGTF,1,0
MFU.PGTF.BSA.3,3,Carcharodon carcharias,255,0.001407751,12S,MFU,PGTF,1,0
MFU.PGTF.BSA.4,4,Carcharodon carcharias,0,0,12S,MFU,PGTF,1,0
MFU.PGTF.BSA.5,5,Carcharodon carcharias,5,5.62E-05,12S,MFU,PGTF,1,0
MFU.PGTF.BSA.6,6,Carcharodon carcharias,0,0,12S,MFU,PGTF,1,0
MFU.PGTF.1,1,Carcharodon carcharias,0,0,12S,MFU,PGTF,0,0
MFU.PGTF.2,2,Carcharodon carcharias,3,2.54E-05,12S,MFU,PGTF,0,0
MFU.PGTF.3,3,Carcharodon carcharias,2,1.80E-05,12S,MFU,PGTF,0,0
MFU.PGTF.TD.1,1,Carcharodon carcharias,17,0.000167534,12S,MFU,PGTF,0,1
MFU.PGTF.TD.2,2,Carcharodon carcharias,9,7.80E-05,12S,MFU,PGTF,0,1
MFU.PGTF.TD.3,3,Carcharodon carcharias,7,9.44E-05,12S,MFU,PGTF,0,1
MFU.QMMM.1,1,Carcharodon carcharias,0,0,12S,MFU,QMMM,0,0
MFU.QMMM.2,2,Carcharodon carcharias,0,0,12S,MFU,QMMM,0,0
MFU.QMMM.3,3,Carcharodon carcharias,3,2.76E-05,12S,MFU,QMMM,0,0
MFU.QMMM.BSA.1,1,Carcharodon carcharias,0,0,12S,MFU,QMMM,1,0
MFU.QMMM.BSA.2,2,Carcharodon carcharias,0,0,12S,MFU,QMMM,1,0
MFU.QMMM.BSA.3,3,Carcharodon carcharias,0,0,12S,MFU,QMMM,1,0
MFU.QMMM.BSA.4,4,Carcharodon carcharias,0,0,12S,MFU,QMMM,1,0
MFU.QMMM.BSA.5,5,Carcharodon carcharias,0,0,12S,MFU,QMMM,1,0
MFU.QMMM.BSA.6,6,Carcharodon carcharias,0,0,12S,MFU,QMMM,1,0
MFU.QMMM.TD.1,1,Carcharodon carcharias,48,0.000300869,12S,MFU,QMMM,0,1
MFU.QMMM.TD.2,2,Carcharodon carcharias,28,0.000226991,12S,MFU,QMMM,0,1
MFU.QMMM.TD.3,3,Carcharodon carcharias,48,0.00039888,12S,MFU,QMMM,0,1
MV1.IPSF.1,1,Carcharodon carcharias,5571,0.037368947,12S,MV1,IPSF,0,0
MV1.IPSF.2,2,Carcharodon carcharias,4056,0.029766404,12S,MV1,IPSF,0,0
MV1.IPSF.3,3,Carcharodon carcharias,2366,0.028586963,12S,MV1,IPSF,0,0
MV1.NPHF.1,1,Carcharodon carcharias,13284,0.084474799,12S,MV1,NPHF,0,0
MV1.NPHF.2,2,Carcharodon carcharias,11548,0.077925934,12S,MV1,NPHF,0,0
MV1.NPHF.3,3,Carcharodon carcharias,5945,0.077387693,12S,MV1,NPHF,0,0
MV1.NPHF.BSA.1,1,Carcharodon carcharias,13685,0.080402099,12S,MV1,NPHF,1,0
MV1.NPHF.BSA.2,2,Carcharodon carcharias,11384,0.082887973,12S,MV1,NPHF,1,0
MV1.NPHF.BSA.3,3,Carcharodon carcharias,10742,0.07398734,12S,MV1,NPHF,1,0
MV1.PGTF.1,1,Carcharodon carcharias,10229,0.060387985,12S,MV1,PGTF,1,0
MV1.PGTF.2,2,Carcharodon carcharias,7852,0.050952273,12S,MV1,PGTF,1,0
MV1.PGTF.3,3,Carcharodon carcharias,6014,0.046119986,12S,MV1,PGTF,1,0
MV1.PGTF.TD.1,1,Carcharodon carcharias,7680,0.045293167,12S,MV1,PGTF,1,1
MV1.PGTF.TD.2,2,Carcharodon carcharias,4866,0.045677703,12S,MV1,PGTF,1,1
MV1.PGTF.TD.3,3,Carcharodon carcharias,7676,0.051868019,12S,MV1,PGTF,1,1
MV1.QMMM.1,1,Carcharodon carcharias,2171,0.016227287,12S,MV1,QMMM,0,0
MV1.QMMM.2,2,Carcharodon carcharias,2511,0.014960855,12S,MV1,QMMM,0,0
MV1.QMMM.3,3,Carcharodon carcharias,1672,0.01495608,12S,MV1,QMMM,0,0
MV3.IPSF.1,1,Carcharodon carcharias,24429,0.110804191,16S,MV3,IPSF,0,0
MV3.IPSF.2,2,Carcharodon carcharias,3528,0.095926913,16S,MV3,IPSF,0,0
MV3.IPSF.3,3,Carcharodon carcharias,3034,0.09302183,16S,MV3,IPSF,0,0
MV3.NPHF.1,1,Carcharodon carcharias,16517,0.064506176,16S,MV3,NPHF,0,0
MV3.NPHF.2,2,Carcharodon carcharias,3266,0.051344935,16S,MV3,NPHF,0,0
MV3.NPHF.3,3,Carcharodon carcharias,8376,0.103573637,16S,MV3,NPHF,0,0
MV3.PGTF.1,1,Carcharodon carcharias,1932,0.028391306,16S,MV3,PGTF,1,0
MV3.PGTF.2,2,Carcharodon carcharias,5047,0.033287604,16S,MV3,PGTF,1,0
MV3.PGTF.3,3,Carcharodon carcharias,2000,0.025892649,16S,MV3,PGTF,1,0
MV3.PGTF.TD.1,1,Carcharodon carcharias,786,0.004868802,16S,MV3,PGTF,1,1
MV3.PGTF.TD.2,2,Carcharodon carcharias,470,0.005129996,16S,MV3,PGTF,1,1
MV3.PGTF.TD.3,3,Carcharodon carcharias,796,0.006695997,16S,MV3,PGTF,1,1
MV3.QMMM.1,1,Carcharodon carcharias,10129,0.039703196,16S,MV3,QMMM,0,0
MV3.QMMM.2,2,Carcharodon carcharias,4510,0.038817737,16S,MV3,QMMM,0,0
MV3.QMMM.3,3,Carcharodon carcharias,6726,0.050260043,16S,MV3,QMMM,0,0
C16.IPSF.1,1,Ceratoscopelus townsendi,4,0.000133364,16S,C16,IPSF,0,0
C16.IPSF.2,2,Ceratoscopelus townsendi,0,0,16S,C16,IPSF,0,0
C16.IPSF.3,3,Ceratoscopelus townsendi,0,0,16S,C16,IPSF,0,0
C16.NPHF.1,1,Ceratoscopelus townsendi,2,1.30E-05,16S,C16,NPHF,0,0
C16.NPHF.2,2,Ceratoscopelus townsendi,0,0,16S,C16,NPHF,0,0
C16.NPHF.3,3,Ceratoscopelus townsendi,0,0,16S,C16,NPHF,0,0
C16.PGTF.1,1,Ceratoscopelus townsendi,0,0,16S,C16,PGTF,1,0
C16.PGTF.2,2,Ceratoscopelus townsendi,0,0,16S,C16,PGTF,1,0
C16.PGTF.3,3,Ceratoscopelus townsendi,4,6.12E-05,16S,C16,PGTF,1,0
C16.QMMM.1,1,Ceratoscopelus townsendi,0,0,16S,C16,QMMM,0,0
C16.QMMM.2,2,Ceratoscopelus townsendi,0,0,16S,C16,QMMM,0,0
C16.QMMM.3,3,Ceratoscopelus townsendi,0,0,16S,C16,QMMM,0,0
LRY.PGTF.1,1,Ceratoscopelus townsendi,5,1.80E-05,COI,LRY,PGTF,1,0
LRY.PGTF.2,2,Ceratoscopelus townsendi,0,0,COI,LRY,PGTF,1,0
LRY.PGTF.3,3,Ceratoscopelus townsendi,0,0,COI,LRY,PGTF,1,0
LRY.QMMM.1,1,Ceratoscopelus townsendi,7,1.80E-05,COI,LRY,QMMM,0,0
LRY.QMMM.2,2,Ceratoscopelus townsendi,42,0.000108924,COI,LRY,QMMM,0,0
LRY.QMMM.3,3,Ceratoscopelus townsendi,14,5.69E-05,COI,LRY,QMMM,0,0
MFU.IPSF.1,1,Ceratoscopelus townsendi,5,4.17E-05,12S,MFU,IPSF,0,0
MFU.IPSF.2,2,Ceratoscopelus townsendi,10,8.49E-05,12S,MFU,IPSF,0,0
MFU.IPSF.3,3,Ceratoscopelus townsendi,11,9.48E-05,12S,MFU,IPSF,0,0
MFU.IPSF.BSA.1,1,Ceratoscopelus townsendi,10,8.88E-05,12S,MFU,IPSF,1,0
MFU.IPSF.BSA.2,2,Ceratoscopelus townsendi,10,8.32E-05,12S,MFU,IPSF,1,0
MFU.IPSF.BSA.3,3,Ceratoscopelus townsendi,7,6.68E-05,12S,MFU,IPSF,1,0
MFU.IPSF.TD.1,1,Ceratoscopelus townsendi,0,0,12S,MFU,IPSF,0,1
MFU.IPSF.TD.2,2,Ceratoscopelus townsendi,0,0,12S,MFU,IPSF,0,1
MFU.IPSF.TD.3,3,Ceratoscopelus townsendi,0,0,12S,MFU,IPSF,0,1
MFU.NPHF.1,1,Ceratoscopelus townsendi,4,3.02E-05,12S,MFU,NPHF,0,0
MFU.NPHF.2,2,Ceratoscopelus townsendi,23,0.000144981,12S,MFU,NPHF,0,0
MFU.NPHF.3,3,Ceratoscopelus townsendi,6,3.69E-05,12S,MFU,NPHF,0,0
MFU.NPHF.BSA.1,1,Ceratoscopelus townsendi,20,0.000120034,12S,MFU,NPHF,1,0
MFU.NPHF.BSA.2,2,Ceratoscopelus townsendi,14,9.54E-05,12S,MFU,NPHF,1,0
MFU.NPHF.BSA.3,3,Ceratoscopelus townsendi,15,0.00015079,12S,MFU,NPHF,1,0
MFU.NPHF.TD.1,1,Ceratoscopelus townsendi,0,0,12S,MFU,NPHF,0,1
MFU.NPHF.TD.2,2,Ceratoscopelus townsendi,0,0,12S,MFU,NPHF,0,1
MFU.NPHF.TD.3,3,Ceratoscopelus townsendi,0,0,12S,MFU,NPHF,0,1
MFU.PGTF.BSA.1,1,Ceratoscopelus townsendi,29,0.00018263,12S,MFU,PGTF,1,0
MFU.PGTF.BSA.2,2,Ceratoscopelus townsendi,18,0.000119576,12S,MFU,PGTF,1,0
MFU.PGTF.BSA.3,3,Ceratoscopelus townsendi,20,0.000110412,12S,MFU,PGTF,1,0
MFU.PGTF.BSA.4,4,Ceratoscopelus townsendi,11,8.55E-05,12S,MFU,PGTF,1,0
MFU.PGTF.BSA.5,5,Ceratoscopelus townsendi,6,6.74E-05,12S,MFU,PGTF,1,0
MFU.PGTF.BSA.6,6,Ceratoscopelus townsendi,3,3.52E-05,12S,MFU,PGTF,1,0
MFU.PGTF.1,1,Ceratoscopelus townsendi,9,9.64E-05,12S,MFU,PGTF,0,0
MFU.PGTF.2,2,Ceratoscopelus townsendi,10,8.47E-05,12S,MFU,PGTF,0,0
MFU.PGTF.3,3,Ceratoscopelus townsendi,5,4.51E-05,12S,MFU,PGTF,0,0
MFU.PGTF.TD.1,1,Ceratoscopelus townsendi,3,2.96E-05,12S,MFU,PGTF,0,1
MFU.PGTF.TD.2,2,Ceratoscopelus townsendi,0,0,12S,MFU,PGTF,0,1
MFU.PGTF.TD.3,3,Ceratoscopelus townsendi,5,6.75E-05,12S,MFU,PGTF,0,1
MFU.QMMM.1,1,Ceratoscopelus townsendi,9,5.84E-05,12S,MFU,QMMM,0,0
MFU.QMMM.2,2,Ceratoscopelus townsendi,0,0,12S,MFU,QMMM,0,0
MFU.QMMM.3,3,Ceratoscopelus townsendi,0,0,12S,MFU,QMMM,0,0
MFU.QMMM.BSA.1,1,Ceratoscopelus townsendi,27,5.74E-05,12S,MFU,QMMM,1,0
MFU.QMMM.BSA.2,2,Ceratoscopelus townsendi,28,6.28E-05,12S,MFU,QMMM,1,0
MFU.QMMM.BSA.3,3,Ceratoscopelus townsendi,39,7.74E-05,12S,MFU,QMMM,1,0
MFU.QMMM.BSA.4,4,Ceratoscopelus townsendi,0,0,12S,MFU,QMMM,1,0
MFU.QMMM.BSA.5,5,Ceratoscopelus townsendi,6,5.47E-05,12S,MFU,QMMM,1,0
MFU.QMMM.BSA.6,6,Ceratoscopelus townsendi,7,5.80E-05,12S,MFU,QMMM,1,0
MFU.QMMM.TD.1,1,Ceratoscopelus townsendi,0,0,12S,MFU,QMMM,0,1
MFU.QMMM.TD.2,2,Ceratoscopelus townsendi,0,0,12S,MFU,QMMM,0,1
MFU.QMMM.TD.3,3,Ceratoscopelus townsendi,2,1.66E-05,12S,MFU,QMMM,0,1
MV1.IPSF.1,1,Ceratoscopelus townsendi,3,2.01E-05,12S,MV1,IPSF,0,0
MV1.IPSF.2,2,Ceratoscopelus townsendi,4,2.94E-05,12S,MV1,IPSF,0,0
MV1.IPSF.3,3,Ceratoscopelus townsendi,0,0,12S,MV1,IPSF,0,0
MV1.NPHF.1,1,Ceratoscopelus townsendi,0,0,12S,MV1,NPHF,0,0
MV1.NPHF.2,2,Ceratoscopelus townsendi,0,0,12S,MV1,NPHF,0,0
MV1.NPHF.3,3,Ceratoscopelus townsendi,0,0,12S,MV1,NPHF,0,0
MV1.NPHF.BSA.1,1,Ceratoscopelus townsendi,0,0,12S,MV1,NPHF,1,0
MV1.NPHF.BSA.2,2,Ceratoscopelus townsendi,0,0,12S,MV1,NPHF,1,0
MV1.NPHF.BSA.3,3,Ceratoscopelus townsendi,2,1.38E-05,12S,MV1,NPHF,1,0
MV1.PGTF.1,1,Ceratoscopelus townsendi,0,0,12S,MV1,PGTF,1,0
MV1.PGTF.2,2,Ceratoscopelus townsendi,5,3.24E-05,12S,MV1,PGTF,1,0
MV1.PGTF.3,3,Ceratoscopelus townsendi,0,0,12S,MV1,PGTF,1,0
MV1.PGTF.TD.1,1,Ceratoscopelus townsendi,5,2.95E-05,12S,MV1,PGTF,1,1
MV1.PGTF.TD.2,2,Ceratoscopelus townsendi,0,0,12S,MV1,PGTF,1,1
MV1.PGTF.TD.3,3,Ceratoscopelus townsendi,0,0,12S,MV1,PGTF,1,1
MV1.QMMM.1,1,Ceratoscopelus townsendi,0,0,12S,MV1,QMMM,0,0
MV1.QMMM.2,2,Ceratoscopelus townsendi,0,0,12S,MV1,QMMM,0,0
MV1.QMMM.3,3,Ceratoscopelus townsendi,0,0,12S,MV1,QMMM,0,0
MV3.IPSF.1,1,Ceratoscopelus townsendi,3,1.36E-05,16S,MV3,IPSF,0,0
MV3.IPSF.2,2,Ceratoscopelus townsendi,0,0,16S,MV3,IPSF,0,0
MV3.IPSF.3,3,Ceratoscopelus townsendi,0,0,16S,MV3,IPSF,0,0
MV3.NPHF.1,1,Ceratoscopelus townsendi,4,1.56E-05,16S,MV3,NPHF,0,0
MV3.NPHF.2,2,Ceratoscopelus townsendi,3,4.72E-05,16S,MV3,NPHF,0,0
MV3.NPHF.3,3,Ceratoscopelus townsendi,0,0,16S,MV3,NPHF,0,0
MV3.PGTF.1,1,Ceratoscopelus townsendi,0,0,16S,MV3,PGTF,1,0
MV3.PGTF.2,2,Ceratoscopelus townsendi,3,1.98E-05,16S,MV3,PGTF,1,0
MV3.PGTF.3,3,Ceratoscopelus townsendi,0,0,16S,MV3,PGTF,1,0
MV3.PGTF.TD.1,1,Ceratoscopelus townsendi,0,0,16S,MV3,PGTF,1,1
MV3.PGTF.TD.2,2,Ceratoscopelus townsendi,0,0,16S,MV3,PGTF,1,1
MV3.PGTF.TD.3,3,Ceratoscopelus townsendi,0,0,16S,MV3,PGTF,1,1
MV3.QMMM.1,1,Ceratoscopelus townsendi,0,0,16S,MV3,QMMM,0,0
MV3.QMMM.2,2,Ceratoscopelus townsendi,10,8.61E-05,16S,MV3,QMMM,0,0
MV3.QMMM.3,3,Ceratoscopelus townsendi,0,0,16S,MV3,QMMM,0,0
C16.IPSF.1,1,Clupea pallasii,14708,0.490381089,16S,C16,IPSF,0,0
C16.IPSF.2,2,Clupea pallasii,22394,0.463807137,16S,C16,IPSF,0,0
C16.IPSF.3,3,Clupea pallasii,11782,0.467855299,16S,C16,IPSF,0,0
C16.NPHF.1,1,Clupea pallasii,51046,0.331969798,16S,C16,NPHF,0,0
C16.NPHF.2,2,Clupea pallasii,47687,0.351814144,16S,C16,NPHF,0,0
C16.NPHF.3,3,Clupea pallasii,57536,0.360700135,16S,C16,NPHF,0,0
C16.PGTF.1,1,Clupea pallasii,25004,0.386031001,16S,C16,PGTF,1,0
C16.PGTF.2,2,Clupea pallasii,20339,0.408126819,16S,C16,PGTF,1,0
C16.PGTF.3,3,Clupea pallasii,24800,0.379303489,16S,C16,PGTF,1,0
C16.QMMM.1,1,Clupea pallasii,1853,0.527469399,16S,C16,QMMM,0,0
C16.QMMM.2,2,Clupea pallasii,1064,0.467692308,16S,C16,QMMM,0,0
C16.QMMM.3,3,Clupea pallasii,2404,0.481763527,16S,C16,QMMM,0,0
LRY.PGTF.1,1,Clupea pallasii,1423,0.005134515,COI,LRY,PGTF,1,0
LRY.PGTF.2,2,Clupea pallasii,1347,0.00476492,COI,LRY,PGTF,1,0
LRY.PGTF.3,3,Clupea pallasii,1287,0.00450553,COI,LRY,PGTF,1,0
LRY.QMMM.1,1,Clupea pallasii,247,0.000633701,COI,LRY,QMMM,0,0
LRY.QMMM.2,2,Clupea pallasii,229,0.000593894,COI,LRY,QMMM,0,0
LRY.QMMM.3,3,Clupea pallasii,71,0.000288371,COI,LRY,QMMM,0,0
MFU.IPSF.1,1,Clupea pallasii,35959,0.299695795,12S,MFU,IPSF,0,0
MFU.IPSF.2,2,Clupea pallasii,40848,0.34671601,12S,MFU,IPSF,0,0
MFU.IPSF.3,3,Clupea pallasii,39161,0.33744356,12S,MFU,IPSF,0,0
MFU.IPSF.BSA.1,1,Clupea pallasii,34621,0.307498956,12S,MFU,IPSF,1,0
MFU.IPSF.BSA.2,2,Clupea pallasii,38432,0.319600832,12S,MFU,IPSF,1,0
MFU.IPSF.BSA.3,3,Clupea pallasii,34262,0.327089777,12S,MFU,IPSF,1,0
MFU.IPSF.TD.1,1,Clupea pallasii,40622,0.42518762,12S,MFU,IPSF,0,1
MFU.IPSF.TD.2,2,Clupea pallasii,30873,0.386923337,12S,MFU,IPSF,0,1
MFU.IPSF.TD.3,3,Clupea pallasii,29947,0.45761132,12S,MFU,IPSF,0,1
MFU.NPHF.1,1,Clupea pallasii,31629,0.239048612,12S,MFU,NPHF,0,0
MFU.NPHF.2,2,Clupea pallasii,41020,0.258571239,12S,MFU,NPHF,0,0
MFU.NPHF.3,3,Clupea pallasii,44368,0.27284747,12S,MFU,NPHF,0,0
MFU.NPHF.BSA.1,1,Clupea pallasii,44318,0.265982475,12S,MFU,NPHF,1,0
MFU.NPHF.BSA.2,2,Clupea pallasii,43267,0.294822699,12S,MFU,NPHF,1,0
MFU.NPHF.BSA.3,3,Clupea pallasii,23988,0.241143592,12S,MFU,NPHF,1,0
MFU.NPHF.TD.1,1,Clupea pallasii,33877,0.450905751,12S,MFU,NPHF,0,1
MFU.NPHF.TD.2,2,Clupea pallasii,39092,0.40912183,12S,MFU,NPHF,0,1
MFU.NPHF.TD.3,3,Clupea pallasii,54176,0.427896691,12S,MFU,NPHF,0,1
MFU.PGTF.BSA.1,1,Clupea pallasii,48763,0.307089193,12S,MFU,PGTF,1,0
MFU.PGTF.BSA.2,2,Clupea pallasii,47633,0.316431058,12S,MFU,PGTF,1,0
MFU.PGTF.BSA.3,3,Clupea pallasii,54785,0.302445622,12S,MFU,PGTF,1,0
MFU.PGTF.BSA.4,4,Clupea pallasii,42035,0.326876419,12S,MFU,PGTF,1,0
MFU.PGTF.BSA.5,5,Clupea pallasii,31125,0.349573773,12S,MFU,PGTF,1,0
MFU.PGTF.BSA.6,6,Clupea pallasii,29666,0.348294687,12S,MFU,PGTF,1,0
MFU.PGTF.1,1,Clupea pallasii,32807,0.351516126,12S,MFU,PGTF,0,0
MFU.PGTF.2,2,Clupea pallasii,38402,0.325178881,12S,MFU,PGTF,0,0
MFU.PGTF.3,3,Clupea pallasii,38133,0.343952664,12S,MFU,PGTF,0,0
MFU.PGTF.TD.1,1,Clupea pallasii,34915,0.344085068,12S,MFU,PGTF,0,1
MFU.PGTF.TD.2,2,Clupea pallasii,43616,0.377981143,12S,MFU,PGTF,0,1
MFU.PGTF.TD.3,3,Clupea pallasii,29002,0.391263289,12S,MFU,PGTF,0,1
MFU.QMMM.1,1,Clupea pallasii,51760,0.335933748,12S,MFU,QMMM,0,0
MFU.QMMM.2,2,Clupea pallasii,51216,0.36874694,12S,MFU,QMMM,0,0
MFU.QMMM.3,3,Clupea pallasii,38308,0.352490845,12S,MFU,QMMM,0,0
MFU.QMMM.BSA.1,1,Clupea pallasii,121306,0.257978763,12S,MFU,QMMM,1,0
MFU.QMMM.BSA.2,2,Clupea pallasii,121371,0.272332567,12S,MFU,QMMM,1,0
MFU.QMMM.BSA.3,3,Clupea pallasii,137377,0.272601538,12S,MFU,QMMM,1,0
MFU.QMMM.BSA.4,4,Clupea pallasii,34382,0.304688815,12S,MFU,QMMM,1,0
MFU.QMMM.BSA.5,5,Clupea pallasii,35358,0.322480026,12S,MFU,QMMM,1,0
MFU.QMMM.BSA.6,6,Clupea pallasii,36252,0.300619449,12S,MFU,QMMM,1,0
MFU.QMMM.TD.1,1,Clupea pallasii,58293,0.365386303,12S,MFU,QMMM,0,1
MFU.QMMM.TD.2,2,Clupea pallasii,44934,0.364271643,12S,MFU,QMMM,0,1
MFU.QMMM.TD.3,3,Clupea pallasii,42860,0.356166433,12S,MFU,QMMM,0,1
MV1.IPSF.1,1,Clupea pallasii,45059,0.302245088,12S,MV1,IPSF,0,0
MV1.IPSF.2,2,Clupea pallasii,46741,0.343025517,12S,MV1,IPSF,0,0
MV1.IPSF.3,3,Clupea pallasii,26567,0.320993173,12S,MV1,IPSF,0,0
MV1.NPHF.1,1,Clupea pallasii,41601,0.26454653,12S,MV1,NPHF,0,0
MV1.NPHF.2,2,Clupea pallasii,37031,0.249885284,12S,MV1,NPHF,0,0
MV1.NPHF.3,3,Clupea pallasii,18559,0.241587587,12S,MV1,NPHF,0,0
MV1.NPHF.BSA.1,1,Clupea pallasii,46318,0.272127468,12S,MV1,NPHF,1,0
MV1.NPHF.BSA.2,2,Clupea pallasii,33041,0.240574624,12S,MV1,NPHF,1,0
MV1.NPHF.BSA.3,3,Clupea pallasii,36758,0.253176937,12S,MV1,NPHF,1,0
MV1.PGTF.1,1,Clupea pallasii,48788,0.288025126,12S,MV1,PGTF,1,0
MV1.PGTF.2,2,Clupea pallasii,47922,0.310969793,12S,MV1,PGTF,1,0
MV1.PGTF.3,3,Clupea pallasii,45291,0.347326283,12S,MV1,PGTF,1,0
MV1.PGTF.TD.1,1,Clupea pallasii,71266,0.420294641,12S,MV1,PGTF,1,1
MV1.PGTF.TD.2,2,Clupea pallasii,45310,0.425330192,12S,MV1,PGTF,1,1
MV1.PGTF.TD.3,3,Clupea pallasii,54676,0.369454899,12S,MV1,PGTF,1,1
MV1.QMMM.1,1,Clupea pallasii,41741,0.311995934,12S,MV1,QMMM,0,0
MV1.QMMM.2,2,Clupea pallasii,58116,0.346262467,12S,MV1,QMMM,0,0
MV1.QMMM.3,3,Clupea pallasii,37894,0.338962735,12S,MV1,QMMM,0,0
MV3.IPSF.1,1,Clupea pallasii,56780,0.257540708,16S,MV3,IPSF,0,0
MV3.IPSF.2,2,Clupea pallasii,11173,0.303795747,16S,MV3,IPSF,0,0
MV3.IPSF.3,3,Clupea pallasii,9608,0.294579348,16S,MV3,IPSF,0,0
MV3.NPHF.1,1,Clupea pallasii,62806,0.245285156,16S,MV3,NPHF,0,0
MV3.NPHF.2,2,Clupea pallasii,17636,0.277256363,16S,MV3,NPHF,0,0
MV3.NPHF.3,3,Clupea pallasii,18972,0.234598739,16S,MV3,NPHF,0,0
MV3.PGTF.1,1,Clupea pallasii,24151,0.354906024,16S,MV3,PGTF,1,0
MV3.PGTF.2,2,Clupea pallasii,53477,0.352708781,16S,MV3,PGTF,1,0
MV3.PGTF.3,3,Clupea pallasii,30230,0.391367391,16S,MV3,PGTF,1,0
MV3.PGTF.TD.1,1,Clupea pallasii,70081,0.434110112,16S,MV3,PGTF,1,1
MV3.PGTF.TD.2,2,Clupea pallasii,42458,0.463424218,16S,MV3,PGTF,1,1
MV3.PGTF.TD.3,3,Clupea pallasii,54138,0.455411896,16S,MV3,PGTF,1,1
MV3.QMMM.1,1,Clupea pallasii,82934,0.325080943,16S,MV3,QMMM,0,0
MV3.QMMM.2,2,Clupea pallasii,38750,0.333522688,16S,MV3,QMMM,0,0
MV3.QMMM.3,3,Clupea pallasii,39703,0.296680715,16S,MV3,QMMM,0,0
C16.IPSF.1,1,Diogenichthys atlanticus,1564,0.052145501,16S,C16,IPSF,0,0
C16.IPSF.2,2,Diogenichthys atlanticus,2488,0.051529524,16S,C16,IPSF,0,0
C16.IPSF.3,3,Diogenichthys atlanticus,1064,0.042250725,16S,C16,IPSF,0,0
C16.NPHF.1,1,Diogenichthys atlanticus,7760,0.050465965,16S,C16,NPHF,0,0
C16.NPHF.2,2,Diogenichthys atlanticus,6831,0.050396175,16S,C16,NPHF,0,0
C16.NPHF.3,3,Diogenichthys atlanticus,7067,0.044303877,16S,C16,NPHF,0,0
C16.PGTF.1,1,Diogenichthys atlanticus,163,0.002516519,16S,C16,PGTF,1,0
C16.PGTF.2,2,Diogenichthys atlanticus,121,0.002428012,16S,C16,PGTF,1,0
C16.PGTF.3,3,Diogenichthys atlanticus,158,0.00241653,16S,C16,PGTF,1,0
C16.QMMM.1,1,Diogenichthys atlanticus,5,0.001423285,16S,C16,QMMM,0,0
C16.QMMM.2,2,Diogenichthys atlanticus,28,0.012307692,16S,C16,QMMM,0,0
C16.QMMM.3,3,Diogenichthys atlanticus,8,0.001603206,16S,C16,QMMM,0,0
LRY.PGTF.1,1,Diogenichthys atlanticus,10323,0.037247785,COI,LRY,PGTF,1,0
LRY.PGTF.2,2,Diogenichthys atlanticus,9824,0.034751725,COI,LRY,PGTF,1,0
LRY.PGTF.3,3,Diogenichthys atlanticus,9730,0.034062783,COI,LRY,PGTF,1,0
LRY.QMMM.1,1,Diogenichthys atlanticus,3424,0.008784578,COI,LRY,QMMM,0,0
LRY.QMMM.2,2,Diogenichthys atlanticus,2934,0.007609099,COI,LRY,QMMM,0,0
LRY.QMMM.3,3,Diogenichthys atlanticus,1834,0.007448895,COI,LRY,QMMM,0,0
MFU.IPSF.1,1,Diogenichthys atlanticus,14149,0.117923074,12S,MFU,IPSF,0,0
MFU.IPSF.2,2,Diogenichthys atlanticus,13867,0.11770248,12S,MFU,IPSF,0,0
MFU.IPSF.3,3,Diogenichthys atlanticus,12983,0.111872264,12S,MFU,IPSF,0,0
MFU.IPSF.BSA.1,1,Diogenichthys atlanticus,14154,0.12571388,12S,MFU,IPSF,1,0
MFU.IPSF.BSA.2,2,Diogenichthys atlanticus,14384,0.119617464,12S,MFU,IPSF,1,0
MFU.IPSF.BSA.3,3,Diogenichthys atlanticus,12844,0.122618093,12S,MFU,IPSF,1,0
MFU.IPSF.TD.1,1,Diogenichthys atlanticus,12796,0.133934833,12S,MFU,IPSF,0,1
MFU.IPSF.TD.2,2,Diogenichthys atlanticus,11489,0.14398867,12S,MFU,IPSF,0,1
MFU.IPSF.TD.3,3,Diogenichthys atlanticus,8568,0.130925094,12S,MFU,IPSF,0,1
MFU.NPHF.1,1,Diogenichthys atlanticus,18784,0.141967471,12S,MFU,NPHF,0,0
MFU.NPHF.2,2,Diogenichthys atlanticus,23213,0.14632409,12S,MFU,NPHF,0,0
MFU.NPHF.3,3,Diogenichthys atlanticus,23234,0.142880863,12S,MFU,NPHF,0,0
MFU.NPHF.BSA.1,1,Diogenichthys atlanticus,22411,0.134503661,12S,MFU,NPHF,1,0
MFU.NPHF.BSA.2,2,Diogenichthys atlanticus,19395,0.13215814,12S,MFU,NPHF,1,0
MFU.NPHF.BSA.3,3,Diogenichthys atlanticus,13692,0.13764124,12S,MFU,NPHF,1,0
MFU.NPHF.TD.1,1,Diogenichthys atlanticus,12235,0.162848891,12S,MFU,NPHF,0,1
MFU.NPHF.TD.2,2,Diogenichthys atlanticus,16915,0.177025881,12S,MFU,NPHF,0,1
MFU.NPHF.TD.3,3,Diogenichthys atlanticus,21160,0.167127399,12S,MFU,NPHF,0,1
MFU.PGTF.BSA.1,1,Diogenichthys atlanticus,21096,0.132853877,12S,MFU,PGTF,1,0
MFU.PGTF.BSA.2,2,Diogenichthys atlanticus,19945,0.132496745,12S,MFU,PGTF,1,0
MFU.PGTF.BSA.3,3,Diogenichthys atlanticus,23994,0.13246108,12S,MFU,PGTF,1,0
MFU.PGTF.BSA.4,4,Diogenichthys atlanticus,14712,0.114404803,12S,MFU,PGTF,1,0
MFU.PGTF.BSA.5,5,Diogenichthys atlanticus,9989,0.112189315,12S,MFU,PGTF,1,0
MFU.PGTF.BSA.6,6,Diogenichthys atlanticus,9890,0.116113883,12S,MFU,PGTF,1,0
MFU.PGTF.1,1,Diogenichthys atlanticus,10632,0.113918354,12S,MFU,PGTF,0,0
MFU.PGTF.2,2,Diogenichthys atlanticus,14056,0.119022821,12S,MFU,PGTF,0,0
MFU.PGTF.3,3,Diogenichthys atlanticus,13056,0.117762725,12S,MFU,PGTF,0,0
MFU.PGTF.TD.1,1,Diogenichthys atlanticus,13071,0.12881386,12S,MFU,PGTF,0,1
MFU.PGTF.TD.2,2,Diogenichthys atlanticus,14705,0.127435177,12S,MFU,PGTF,0,1
MFU.PGTF.TD.3,3,Diogenichthys atlanticus,8884,0.119853219,12S,MFU,PGTF,0,1
MFU.QMMM.1,1,Diogenichthys atlanticus,21771,0.141298563,12S,MFU,QMMM,0,0
MFU.QMMM.2,2,Diogenichthys atlanticus,18605,0.133952999,12S,MFU,QMMM,0,0
MFU.QMMM.3,3,Diogenichthys atlanticus,14195,0.130615212,12S,MFU,QMMM,0,0
MFU.QMMM.BSA.1,1,Diogenichthys atlanticus,54360,0.115606199,12S,MFU,QMMM,1,0
MFU.QMMM.BSA.2,2,Diogenichthys atlanticus,50173,0.112578309,12S,MFU,QMMM,1,0
MFU.QMMM.BSA.3,3,Diogenichthys atlanticus,59235,0.117541889,12S,MFU,QMMM,1,0
MFU.QMMM.BSA.4,4,Diogenichthys atlanticus,12587,0.111544358,12S,MFU,QMMM,1,0
MFU.QMMM.BSA.5,5,Diogenichthys atlanticus,11863,0.108195615,12S,MFU,QMMM,1,0
MFU.QMMM.BSA.6,6,Diogenichthys atlanticus,13590,0.112694977,12S,MFU,QMMM,1,0
MFU.QMMM.TD.1,1,Diogenichthys atlanticus,22455,0.140750166,12S,MFU,QMMM,0,1
MFU.QMMM.TD.2,2,Diogenichthys atlanticus,16935,0.137288919,12S,MFU,QMMM,0,1
MFU.QMMM.TD.3,3,Diogenichthys atlanticus,15105,0.125522491,12S,MFU,QMMM,0,1
MV1.IPSF.1,1,Diogenichthys atlanticus,14128,0.094767274,12S,MV1,IPSF,0,0
MV1.IPSF.2,2,Diogenichthys atlanticus,12133,0.089042353,12S,MV1,IPSF,0,0
MV1.IPSF.3,3,Diogenichthys atlanticus,7661,0.092563282,12S,MV1,IPSF,0,0
MV1.NPHF.1,1,Diogenichthys atlanticus,19828,0.126089003,12S,MV1,NPHF,0,0
MV1.NPHF.2,2,Diogenichthys atlanticus,18519,0.12496626,12S,MV1,NPHF,0,0
MV1.NPHF.3,3,Diogenichthys atlanticus,10017,0.130394033,12S,MV1,NPHF,0,0
MV1.NPHF.BSA.1,1,Diogenichthys atlanticus,19309,0.113444218,12S,MV1,NPHF,1,0
MV1.NPHF.BSA.2,2,Diogenichthys atlanticus,18341,0.133542543,12S,MV1,NPHF,1,0
MV1.NPHF.BSA.3,3,Diogenichthys atlanticus,18711,0.128875175,12S,MV1,NPHF,1,0
MV1.PGTF.1,1,Diogenichthys atlanticus,19820,0.117009469,12S,MV1,PGTF,1,0
MV1.PGTF.2,2,Diogenichthys atlanticus,16913,0.109749846,12S,MV1,PGTF,1,0
MV1.PGTF.3,3,Diogenichthys atlanticus,14786,0.11339044,12S,MV1,PGTF,1,0
MV1.PGTF.TD.1,1,Diogenichthys atlanticus,21088,0.124367488,12S,MV1,PGTF,1,1
MV1.PGTF.TD.2,2,Diogenichthys atlanticus,12503,0.117367102,12S,MV1,PGTF,1,1
MV1.PGTF.TD.3,3,Diogenichthys atlanticus,18217,0.123095323,12S,MV1,PGTF,1,1
MV1.QMMM.1,1,Diogenichthys atlanticus,13355,0.099822853,12S,MV1,QMMM,0,0
MV1.QMMM.2,2,Diogenichthys atlanticus,13885,0.082728584,12S,MV1,QMMM,0,0
MV1.QMMM.3,3,Diogenichthys atlanticus,11132,0.099576006,12S,MV1,QMMM,0,0
MV3.IPSF.1,1,Diogenichthys atlanticus,18551,0.084142967,16S,MV3,IPSF,0,0
MV3.IPSF.2,2,Diogenichthys atlanticus,2998,0.081516124,16S,MV3,IPSF,0,0
MV3.IPSF.3,3,Diogenichthys atlanticus,2378,0.072909002,16S,MV3,IPSF,0,0
MV3.NPHF.1,1,Diogenichthys atlanticus,28094,0.109719472,16S,MV3,NPHF,0,0
MV3.NPHF.2,2,Diogenichthys atlanticus,7114,0.11183952,16S,MV3,NPHF,0,0
MV3.NPHF.3,3,Diogenichthys atlanticus,8121,0.100420428,16S,MV3,NPHF,0,0
MV3.PGTF.1,1,Diogenichthys atlanticus,1308,0.019221443,16S,MV3,PGTF,1,0
MV3.PGTF.2,2,Diogenichthys atlanticus,2943,0.019410624,16S,MV3,PGTF,1,0
MV3.PGTF.3,3,Diogenichthys atlanticus,1340,0.017348075,16S,MV3,PGTF,1,0
MV3.PGTF.TD.1,1,Diogenichthys atlanticus,4083,0.025291756,16S,MV3,PGTF,1,1
MV3.PGTF.TD.2,2,Diogenichthys atlanticus,2447,0.026708725,16S,MV3,PGTF,1,1
MV3.PGTF.TD.3,3,Diogenichthys atlanticus,2603,0.021896582,16S,MV3,PGTF,1,1
MV3.QMMM.1,1,Diogenichthys atlanticus,8871,0.034772145,16S,MV3,QMMM,0,0
MV3.QMMM.2,2,Diogenichthys atlanticus,3966,0.034135509,16S,MV3,QMMM,0,0
MV3.QMMM.3,3,Diogenichthys atlanticus,4761,0.035576578,16S,MV3,QMMM,0,0
C16.IPSF.1,1,Engraulis mordax,2802,0.093421798,16S,C16,IPSF,0,0
C16.IPSF.2,2,Engraulis mordax,4680,0.096928526,16S,C16,IPSF,0,0
C16.IPSF.3,3,Engraulis mordax,2520,0.100067506,16S,C16,IPSF,0,0
C16.NPHF.1,1,Engraulis mordax,23084,0.150123238,16S,C16,NPHF,0,0
C16.NPHF.2,2,Engraulis mordax,19911,0.146894781,16S,C16,NPHF,0,0
C16.NPHF.3,3,Engraulis mordax,22863,0.143330909,16S,C16,NPHF,0,0
C16.PGTF.1,1,Engraulis mordax,8746,0.135027481,16S,C16,PGTF,1,0
C16.PGTF.2,2,Engraulis mordax,6495,0.130330089,16S,C16,PGTF,1,0
C16.PGTF.3,3,Engraulis mordax,9226,0.141107016,16S,C16,PGTF,1,0
C16.QMMM.1,1,Engraulis mordax,286,0.081411899,16S,C16,QMMM,0,0
C16.QMMM.2,2,Engraulis mordax,276,0.121318681,16S,C16,QMMM,0,0
C16.QMMM.3,3,Engraulis mordax,501,0.100400802,16S,C16,QMMM,0,0
LRY.PGTF.1,1,Engraulis mordax,0,0,COI,LRY,PGTF,1,0
LRY.PGTF.2,2,Engraulis mordax,0,0,COI,LRY,PGTF,1,0
LRY.PGTF.3,3,Engraulis mordax,0,0,COI,LRY,PGTF,1,0
LRY.QMMM.1,1,Engraulis mordax,0,0,COI,LRY,QMMM,0,0
LRY.QMMM.2,2,Engraulis mordax,0,0,COI,LRY,QMMM,0,0
LRY.QMMM.3,3,Engraulis mordax,0,0,COI,LRY,QMMM,0,0
MFU.IPSF.1,1,Engraulis mordax,15762,0.131366421,12S,MFU,IPSF,0,0
MFU.IPSF.2,2,Engraulis mordax,12740,0.108136554,12S,MFU,IPSF,0,0
MFU.IPSF.3,3,Engraulis mordax,14258,0.122858719,12S,MFU,IPSF,0,0
MFU.IPSF.BSA.1,1,Engraulis mordax,11316,0.100507154,12S,MFU,IPSF,1,0
MFU.IPSF.BSA.2,2,Engraulis mordax,12529,0.104191268,12S,MFU,IPSF,1,0
MFU.IPSF.BSA.3,3,Engraulis mordax,11098,0.105949517,12S,MFU,IPSF,1,0
MFU.IPSF.TD.1,1,Engraulis mordax,8115,0.084939135,12S,MFU,IPSF,0,1
MFU.IPSF.TD.2,2,Engraulis mordax,6808,0.085322906,12S,MFU,IPSF,0,1
MFU.IPSF.TD.3,3,Engraulis mordax,5299,0.080972464,12S,MFU,IPSF,0,1
MFU.NPHF.1,1,Engraulis mordax,15640,0.118205454,12S,MFU,NPHF,0,0
MFU.NPHF.2,2,Engraulis mordax,17787,0.112121078,12S,MFU,NPHF,0,0
MFU.NPHF.3,3,Engraulis mordax,17939,0.11031849,12S,MFU,NPHF,0,0
MFU.NPHF.BSA.1,1,Engraulis mordax,19144,0.114896171,12S,MFU,NPHF,1,0
MFU.NPHF.BSA.2,2,Engraulis mordax,16345,0.111375344,12S,MFU,NPHF,1,0
MFU.NPHF.BSA.3,3,Engraulis mordax,11953,0.120159636,12S,MFU,NPHF,1,0
MFU.NPHF.TD.1,1,Engraulis mordax,5196,0.069159202,12S,MFU,NPHF,0,1
MFU.NPHF.TD.2,2,Engraulis mordax,6507,0.068099758,12S,MFU,NPHF,0,1
MFU.NPHF.TD.3,3,Engraulis mordax,9101,0.071882158,12S,MFU,NPHF,0,1
MFU.PGTF.BSA.1,1,Engraulis mordax,16419,0.103400067,12S,MFU,PGTF,1,0
MFU.PGTF.BSA.2,2,Engraulis mordax,14820,0.098450828,12S,MFU,PGTF,1,0
MFU.PGTF.BSA.3,3,Engraulis mordax,18844,0.104030032,12S,MFU,PGTF,1,0
MFU.PGTF.BSA.4,4,Engraulis mordax,14117,0.109777909,12S,MFU,PGTF,1,0
MFU.PGTF.BSA.5,5,Engraulis mordax,8828,0.099149792,12S,MFU,PGTF,1,0
MFU.PGTF.BSA.6,6,Engraulis mordax,8717,0.102342237,12S,MFU,PGTF,1,0
MFU.PGTF.1,1,Engraulis mordax,8741,0.093656916,12S,MFU,PGTF,0,0
MFU.PGTF.2,2,Engraulis mordax,11758,0.09956391,12S,MFU,PGTF,0,0
MFU.PGTF.3,3,Engraulis mordax,11648,0.105062823,12S,MFU,PGTF,0,0
MFU.PGTF.TD.1,1,Engraulis mordax,12093,0.119175733,12S,MFU,PGTF,0,1
MFU.PGTF.TD.2,2,Engraulis mordax,13330,0.115519273,12S,MFU,PGTF,0,1
MFU.PGTF.TD.3,3,Engraulis mordax,8452,0.114025147,12S,MFU,PGTF,0,1
MFU.QMMM.1,1,Engraulis mordax,18303,0.118790483,12S,MFU,QMMM,0,0
MFU.QMMM.2,2,Engraulis mordax,16181,0.11650059,12S,MFU,QMMM,0,0
MFU.QMMM.3,3,Engraulis mordax,14757,0.135786452,12S,MFU,QMMM,0,0
MFU.QMMM.BSA.1,1,Engraulis mordax,52399,0.111435784,12S,MFU,QMMM,1,0
MFU.QMMM.BSA.2,2,Engraulis mordax,48685,0.10923953,12S,MFU,QMMM,1,0
MFU.QMMM.BSA.3,3,Engraulis mordax,56384,0.11188456,12S,MFU,QMMM,1,0
MFU.QMMM.BSA.4,4,Engraulis mordax,12531,0.111048093,12S,MFU,QMMM,1,0
MFU.QMMM.BSA.5,5,Engraulis mordax,11936,0.108861406,12S,MFU,QMMM,1,0
MFU.QMMM.BSA.6,6,Engraulis mordax,13006,0.107852161,12S,MFU,QMMM,1,0
MFU.QMMM.TD.1,1,Engraulis mordax,20236,0.126841254,12S,MFU,QMMM,0,1
MFU.QMMM.TD.2,2,Engraulis mordax,15201,0.123231701,12S,MFU,QMMM,0,1
MFU.QMMM.TD.3,3,Engraulis mordax,17638,0.146571711,12S,MFU,QMMM,0,1
MV1.IPSF.1,1,Engraulis mordax,16838,0.112945312,12S,MV1,IPSF,0,0
MV1.IPSF.2,2,Engraulis mordax,14830,0.10883525,12S,MV1,IPSF,0,0
MV1.IPSF.3,3,Engraulis mordax,9684,0.117005981,12S,MV1,IPSF,0,0
MV1.NPHF.1,1,Engraulis mordax,14681,0.093358516,12S,MV1,NPHF,0,0
MV1.NPHF.2,2,Engraulis mordax,14986,0.101125567,12S,MV1,NPHF,0,0
MV1.NPHF.3,3,Engraulis mordax,7573,0.098579815,12S,MV1,NPHF,0,0
MV1.NPHF.BSA.1,1,Engraulis mordax,15343,0.090143179,12S,MV1,NPHF,1,0
MV1.NPHF.BSA.2,2,Engraulis mordax,12871,0.09371496,12S,MV1,NPHF,1,0
MV1.NPHF.BSA.3,3,Engraulis mordax,14095,0.097081695,12S,MV1,NPHF,1,0
MV1.PGTF.1,1,Engraulis mordax,14365,0.084805299,12S,MV1,PGTF,1,0
MV1.PGTF.2,2,Engraulis mordax,14217,0.09225528,12S,MV1,PGTF,1,0
MV1.PGTF.3,3,Engraulis mordax,9182,0.07041465,12S,MV1,PGTF,1,0
MV1.PGTF.TD.1,1,Engraulis mordax,11504,0.06784539,12S,MV1,PGTF,1,1
MV1.PGTF.TD.2,2,Engraulis mordax,7867,0.073848436,12S,MV1,PGTF,1,1
MV1.PGTF.TD.3,3,Engraulis mordax,11458,0.077423627,12S,MV1,PGTF,1,1
MV1.QMMM.1,1,Engraulis mordax,14357,0.10731237,12S,MV1,QMMM,0,0
MV1.QMMM.2,2,Engraulis mordax,17494,0.104231461,12S,MV1,QMMM,0,0
MV1.QMMM.3,3,Engraulis mordax,10888,0.09739342,12S,MV1,QMMM,0,0
MV3.IPSF.1,1,Engraulis mordax,26621,0.120746587,16S,MV3,IPSF,0,0
MV3.IPSF.2,2,Engraulis mordax,4131,0.112322584,16S,MV3,IPSF,0,0
MV3.IPSF.3,3,Engraulis mordax,3436,0.105347069,16S,MV3,IPSF,0,0
MV3.NPHF.1,1,Engraulis mordax,30986,0.121014009,16S,MV3,NPHF,0,0
MV3.NPHF.2,2,Engraulis mordax,7173,0.112767061,16S,MV3,NPHF,0,0
MV3.NPHF.3,3,Engraulis mordax,10629,0.131433164,16S,MV3,NPHF,0,0
MV3.PGTF.1,1,Engraulis mordax,8835,0.129832915,16S,MV3,PGTF,1,0
MV3.PGTF.2,2,Engraulis mordax,18962,0.125064306,16S,MV3,PGTF,1,0
MV3.PGTF.3,3,Engraulis mordax,9257,0.119844126,16S,MV3,PGTF,1,0
MV3.PGTF.TD.1,1,Engraulis mordax,21156,0.131048837,16S,MV3,PGTF,1,1
MV3.PGTF.TD.2,2,Engraulis mordax,11881,0.129679757,16S,MV3,PGTF,1,1
MV3.PGTF.TD.3,3,Engraulis mordax,15366,0.129259655,16S,MV3,PGTF,1,1
MV3.QMMM.1,1,Engraulis mordax,24609,0.096461245,16S,MV3,QMMM,0,0
MV3.QMMM.2,2,Engraulis mordax,10671,0.091845693,16S,MV3,QMMM,0,0
MV3.QMMM.3,3,Engraulis mordax,13487,0.100781624,16S,MV3,QMMM,0,0
C16.IPSF.1,1,Hippoglossus stenolepis,687,0.022905345,16S,C16,IPSF,0,0
C16.IPSF.2,2,Hippoglossus stenolepis,1280,0.026510366,16S,C16,IPSF,0,0
C16.IPSF.3,3,Hippoglossus stenolepis,699,0.02775682,16S,C16,IPSF,0,0
C16.NPHF.1,1,Hippoglossus stenolepis,8754,0.056930291,16S,C16,NPHF,0,0
C16.NPHF.2,2,Hippoglossus stenolepis,7441,0.054896493,16S,C16,NPHF,0,0
C16.NPHF.3,3,Hippoglossus stenolepis,8433,0.052867496,16S,C16,NPHF,0,0
C16.PGTF.1,1,Hippoglossus stenolepis,3448,0.053232878,16S,C16,PGTF,1,0
C16.PGTF.2,2,Hippoglossus stenolepis,2453,0.049222434,16S,C16,PGTF,1,0
C16.PGTF.3,3,Hippoglossus stenolepis,3210,0.049095331,16S,C16,PGTF,1,0
C16.QMMM.1,1,Hippoglossus stenolepis,94,0.026757757,16S,C16,QMMM,0,0
C16.QMMM.2,2,Hippoglossus stenolepis,35,0.015384615,16S,C16,QMMM,0,0
C16.QMMM.3,3,Hippoglossus stenolepis,133,0.026653307,16S,C16,QMMM,0,0
LRY.PGTF.1,1,Hippoglossus stenolepis,24033,0.086716653,COI,LRY,PGTF,1,0
LRY.PGTF.2,2,Hippoglossus stenolepis,22868,0.08089398,COI,LRY,PGTF,1,0
LRY.PGTF.3,3,Hippoglossus stenolepis,25246,0.088381195,COI,LRY,PGTF,1,0
LRY.QMMM.1,1,Hippoglossus stenolepis,14802,0.037975853,COI,LRY,QMMM,0,0
LRY.QMMM.2,2,Hippoglossus stenolepis,12494,0.032402209,COI,LRY,QMMM,0,0
LRY.QMMM.3,3,Hippoglossus stenolepis,8622,0.035018744,COI,LRY,QMMM,0,0
MFU.IPSF.1,1,Hippoglossus stenolepis,6171,0.051431429,12S,MFU,IPSF,0,0
MFU.IPSF.2,2,Hippoglossus stenolepis,5087,0.04317823,12S,MFU,IPSF,0,0
MFU.IPSF.3,3,Hippoglossus stenolepis,5497,0.047366698,12S,MFU,IPSF,0,0
MFU.IPSF.BSA.1,1,Hippoglossus stenolepis,4039,0.035873842,12S,MFU,IPSF,1,0
MFU.IPSF.BSA.2,2,Hippoglossus stenolepis,4501,0.037430353,12S,MFU,IPSF,1,0
MFU.IPSF.BSA.3,3,Hippoglossus stenolepis,3883,0.03706992,12S,MFU,IPSF,1,0
MFU.IPSF.TD.1,1,Hippoglossus stenolepis,2558,0.026774406,12S,MFU,IPSF,0,1
MFU.IPSF.TD.2,2,Hippoglossus stenolepis,2288,0.028674913,12S,MFU,IPSF,0,1
MFU.IPSF.TD.3,3,Hippoglossus stenolepis,1356,0.020720638,12S,MFU,IPSF,0,1
MFU.NPHF.1,1,Hippoglossus stenolepis,6541,0.049436181,12S,MFU,NPHF,0,0
MFU.NPHF.2,2,Hippoglossus stenolepis,7412,0.046721844,12S,MFU,NPHF,0,0
MFU.NPHF.3,3,Hippoglossus stenolepis,7631,0.046927945,12S,MFU,NPHF,0,0
MFU.NPHF.BSA.1,1,Hippoglossus stenolepis,8044,0.048277518,12S,MFU,NPHF,1,0
MFU.NPHF.BSA.2,2,Hippoglossus stenolepis,6263,0.042676279,12S,MFU,NPHF,1,0
MFU.NPHF.BSA.3,3,Hippoglossus stenolepis,5148,0.051751176,12S,MFU,NPHF,1,0
MFU.NPHF.TD.1,1,Hippoglossus stenolepis,1957,0.026047836,12S,MFU,NPHF,0,1
MFU.NPHF.TD.2,2,Hippoglossus stenolepis,2619,0.027409446,12S,MFU,NPHF,0,1
MFU.NPHF.TD.3,3,Hippoglossus stenolepis,3309,0.026135376,12S,MFU,NPHF,0,1
MFU.PGTF.BSA.1,1,Hippoglossus stenolepis,7794,0.049083386,12S,MFU,PGTF,1,0
MFU.PGTF.BSA.2,2,Hippoglossus stenolepis,7066,0.046940185,12S,MFU,PGTF,1,0
MFU.PGTF.BSA.3,3,Hippoglossus stenolepis,8906,0.049166391,12S,MFU,PGTF,1,0
MFU.PGTF.BSA.4,4,Hippoglossus stenolepis,5184,0.040312296,12S,MFU,PGTF,1,0
MFU.PGTF.BSA.5,5,Hippoglossus stenolepis,3471,0.038983793,12S,MFU,PGTF,1,0
MFU.PGTF.BSA.6,6,Hippoglossus stenolepis,3057,0.035890813,12S,MFU,PGTF,1,0
MFU.PGTF.1,1,Hippoglossus stenolepis,3723,0.03989071,12S,MFU,PGTF,0,0
MFU.PGTF.2,2,Hippoglossus stenolepis,4870,0.041237986,12S,MFU,PGTF,0,0
MFU.PGTF.3,3,Hippoglossus stenolepis,4506,0.040643293,12S,MFU,PGTF,0,0
MFU.PGTF.TD.1,1,Hippoglossus stenolepis,5179,0.05103871,12S,MFU,PGTF,0,1
MFU.PGTF.TD.2,2,Hippoglossus stenolepis,5222,0.045254437,12S,MFU,PGTF,0,1
MFU.PGTF.TD.3,3,Hippoglossus stenolepis,3458,0.046651557,12S,MFU,PGTF,0,1
MFU.QMMM.1,1,Hippoglossus stenolepis,7685,0.049877335,12S,MFU,QMMM,0,0
MFU.QMMM.2,2,Hippoglossus stenolepis,5685,0.040931083,12S,MFU,QMMM,0,0
MFU.QMMM.3,3,Hippoglossus stenolepis,5467,0.050304569,12S,MFU,QMMM,0,0
MFU.QMMM.BSA.1,1,Hippoglossus stenolepis,20399,0.043382098,12S,MFU,QMMM,1,0
MFU.QMMM.BSA.2,2,Hippoglossus stenolepis,18125,0.040668922,12S,MFU,QMMM,1,0
MFU.QMMM.BSA.3,3,Hippoglossus stenolepis,20021,0.039728305,12S,MFU,QMMM,1,0
MFU.QMMM.BSA.4,4,Hippoglossus stenolepis,4425,0.039213775,12S,MFU,QMMM,1,0
MFU.QMMM.BSA.5,5,Hippoglossus stenolepis,4404,0.040166357,12S,MFU,QMMM,1,0
MFU.QMMM.BSA.6,6,Hippoglossus stenolepis,4988,0.041362954,12S,MFU,QMMM,1,0
MFU.QMMM.TD.1,1,Hippoglossus stenolepis,6846,0.042911407,12S,MFU,QMMM,0,1
MFU.QMMM.TD.2,2,Hippoglossus stenolepis,5815,0.047141132,12S,MFU,QMMM,0,1
MFU.QMMM.TD.3,3,Hippoglossus stenolepis,6093,0.050632806,12S,MFU,QMMM,0,1
MV1.IPSF.1,1,Hippoglossus stenolepis,5735,0.03846902,12S,MV1,IPSF,0,0
MV1.IPSF.2,2,Hippoglossus stenolepis,4689,0.034411901,12S,MV1,IPSF,0,0
MV1.IPSF.3,3,Hippoglossus stenolepis,3263,0.039424878,12S,MV1,IPSF,0,0
MV1.NPHF.1,1,Hippoglossus stenolepis,6059,0.038530021,12S,MV1,NPHF,0,0
MV1.NPHF.2,2,Hippoglossus stenolepis,6430,0.043389657,12S,MV1,NPHF,0,0
MV1.NPHF.3,3,Hippoglossus stenolepis,3476,0.045248044,12S,MV1,NPHF,0,0
MV1.NPHF.BSA.1,1,Hippoglossus stenolepis,7346,0.043159212,12S,MV1,NPHF,1,0
MV1.NPHF.BSA.2,2,Hippoglossus stenolepis,5773,0.042033755,12S,MV1,NPHF,1,0
MV1.NPHF.BSA.3,3,Hippoglossus stenolepis,6304,0.043419865,12S,MV1,NPHF,1,0
MV1.PGTF.1,1,Hippoglossus stenolepis,7005,0.041354759,12S,MV1,PGTF,1,0
MV1.PGTF.2,2,Hippoglossus stenolepis,5979,0.038798222,12S,MV1,PGTF,1,0
MV1.PGTF.3,3,Hippoglossus stenolepis,4788,0.036718073,12S,MV1,PGTF,1,0
MV1.PGTF.TD.1,1,Hippoglossus stenolepis,4076,0.024038405,12S,MV1,PGTF,1,1
MV1.PGTF.TD.2,2,Hippoglossus stenolepis,2585,0.024265693,12S,MV1,PGTF,1,1
MV1.PGTF.TD.3,3,Hippoglossus stenolepis,4601,0.031089728,12S,MV1,PGTF,1,1
MV1.QMMM.1,1,Hippoglossus stenolepis,4882,0.03649084,12S,MV1,QMMM,0,0
MV1.QMMM.2,2,Hippoglossus stenolepis,5985,0.035659386,12S,MV1,QMMM,0,0
MV1.QMMM.3,3,Hippoglossus stenolepis,3744,0.033490169,12S,MV1,QMMM,0,0
MV3.IPSF.1,1,Hippoglossus stenolepis,8806,0.039941942,16S,MV3,IPSF,0,0
MV3.IPSF.2,2,Hippoglossus stenolepis,1359,0.036951438,16S,MV3,IPSF,0,0
MV3.IPSF.3,3,Hippoglossus stenolepis,1205,0.036945058,16S,MV3,IPSF,0,0
MV3.NPHF.1,1,Hippoglossus stenolepis,13296,0.05192675,16S,MV3,NPHF,0,0
MV3.NPHF.2,2,Hippoglossus stenolepis,3272,0.051439262,16S,MV3,NPHF,0,0
MV3.NPHF.3,3,Hippoglossus stenolepis,4006,0.049536293,16S,MV3,NPHF,0,0
MV3.PGTF.1,1,Hippoglossus stenolepis,2414,0.035474438,16S,MV3,PGTF,1,0
MV3.PGTF.2,2,Hippoglossus stenolepis,5403,0.035635611,16S,MV3,PGTF,1,0
MV3.PGTF.3,3,Hippoglossus stenolepis,2648,0.034281867,16S,MV3,PGTF,1,0
MV3.PGTF.TD.1,1,Hippoglossus stenolepis,5228,0.03238435,16S,MV3,PGTF,1,1
MV3.PGTF.TD.2,2,Hippoglossus stenolepis,2772,0.030256063,16S,MV3,PGTF,1,1
MV3.PGTF.TD.3,3,Hippoglossus stenolepis,3572,0.030047865,16S,MV3,PGTF,1,1
MV3.QMMM.1,1,Hippoglossus stenolepis,7071,0.027716586,16S,MV3,QMMM,0,0
MV3.QMMM.2,2,Hippoglossus stenolepis,3458,0.029763134,16S,MV3,QMMM,0,0
MV3.QMMM.3,3,Hippoglossus stenolepis,3931,0.029374402,16S,MV3,QMMM,0,0
C16.IPSF.1,1,Leuroglossus stilbius,1640,0.054679425,16S,C16,IPSF,0,0
C16.IPSF.2,2,Leuroglossus stilbius,2943,0.060953131,16S,C16,IPSF,0,0
C16.IPSF.3,3,Leuroglossus stilbius,1401,0.055632768,16S,C16,IPSF,0,0
C16.NPHF.1,1,Leuroglossus stilbius,9331,0.060682721,16S,C16,NPHF,0,0
C16.NPHF.2,2,Leuroglossus stilbius,8359,0.061669101,16S,C16,NPHF,0,0
C16.NPHF.3,3,Leuroglossus stilbius,9587,0.060102061,16S,C16,NPHF,0,0
C16.PGTF.1,1,Leuroglossus stilbius,5294,0.081732848,16S,C16,PGTF,1,0
C16.PGTF.2,2,Leuroglossus stilbius,3969,0.079642821,16S,C16,PGTF,1,0
C16.PGTF.3,3,Leuroglossus stilbius,5227,0.079944328,16S,C16,PGTF,1,0
C16.QMMM.1,1,Leuroglossus stilbius,281,0.079988614,16S,C16,QMMM,0,0
C16.QMMM.2,2,Leuroglossus stilbius,184,0.080879121,16S,C16,QMMM,0,0
C16.QMMM.3,3,Leuroglossus stilbius,469,0.093987976,16S,C16,QMMM,0,0
LRY.PGTF.1,1,Leuroglossus stilbius,60212,0.217258898,COI,LRY,PGTF,1,0
LRY.PGTF.2,2,Leuroglossus stilbius,63715,0.225387437,COI,LRY,PGTF,1,0
LRY.PGTF.3,3,Leuroglossus stilbius,65035,0.227674524,COI,LRY,PGTF,1,0
LRY.QMMM.1,1,Leuroglossus stilbius,134086,0.344009606,COI,LRY,QMMM,0,0
LRY.QMMM.2,2,Leuroglossus stilbius,138766,0.359878732,COI,LRY,QMMM,0,0
LRY.QMMM.3,3,Leuroglossus stilbius,89010,0.361519185,COI,LRY,QMMM,0,0
MFU.IPSF.1,1,Leuroglossus stilbius,12512,0.104279702,12S,MFU,IPSF,0,0
MFU.IPSF.2,2,Leuroglossus stilbius,12024,0.102059178,12S,MFU,IPSF,0,0
MFU.IPSF.3,3,Leuroglossus stilbius,11468,0.098817771,12S,MFU,IPSF,0,0
MFU.IPSF.BSA.1,1,Leuroglossus stilbius,10133,0.089999911,12S,MFU,IPSF,1,0
MFU.IPSF.BSA.2,2,Leuroglossus stilbius,10837,0.090120582,12S,MFU,IPSF,1,0
MFU.IPSF.BSA.3,3,Leuroglossus stilbius,8933,0.085280865,12S,MFU,IPSF,1,0
MFU.IPSF.TD.1,1,Leuroglossus stilbius,9754,0.102094433,12S,MFU,IPSF,0,1
MFU.IPSF.TD.2,2,Leuroglossus stilbius,8665,0.108596208,12S,MFU,IPSF,0,1
MFU.IPSF.TD.3,3,Leuroglossus stilbius,6269,0.09579475,12S,MFU,IPSF,0,1
MFU.NPHF.1,1,Leuroglossus stilbius,12111,0.091533648,12S,MFU,NPHF,0,0
MFU.NPHF.2,2,Leuroglossus stilbius,14853,0.09362649,12S,MFU,NPHF,0,0
MFU.NPHF.3,3,Leuroglossus stilbius,15010,0.092306179,12S,MFU,NPHF,0,0
MFU.NPHF.BSA.1,1,Leuroglossus stilbius,14956,0.089761133,12S,MFU,NPHF,1,0
MFU.NPHF.BSA.2,2,Leuroglossus stilbius,12791,0.087158276,12S,MFU,NPHF,1,0
MFU.NPHF.BSA.3,3,Leuroglossus stilbius,8951,0.089981503,12S,MFU,NPHF,1,0
MFU.NPHF.TD.1,1,Leuroglossus stilbius,8385,0.111605063,12S,MFU,NPHF,0,1
MFU.NPHF.TD.2,2,Leuroglossus stilbius,11650,0.121924417,12S,MFU,NPHF,0,1
MFU.NPHF.TD.3,3,Leuroglossus stilbius,14752,0.116515283,12S,MFU,NPHF,0,1
MFU.PGTF.BSA.1,1,Leuroglossus stilbius,18300,0.115245826,12S,MFU,PGTF,1,0
MFU.PGTF.BSA.2,2,Leuroglossus stilbius,17722,0.117729121,12S,MFU,PGTF,1,0
MFU.PGTF.BSA.3,3,Leuroglossus stilbius,20891,0.115330683,12S,MFU,PGTF,1,0
MFU.PGTF.BSA.4,4,Leuroglossus stilbius,13075,0.101675013,12S,MFU,PGTF,1,0
MFU.PGTF.BSA.5,5,Leuroglossus stilbius,8669,0.097364017,12S,MFU,PGTF,1,0
MFU.PGTF.BSA.6,6,Leuroglossus stilbius,8057,0.094593484,12S,MFU,PGTF,1,0
MFU.PGTF.1,1,Leuroglossus stilbius,9767,0.104650166,12S,MFU,PGTF,0,0
MFU.PGTF.2,2,Leuroglossus stilbius,12811,0.108480461,12S,MFU,PGTF,0,0
MFU.PGTF.3,3,Leuroglossus stilbius,11384,0.102681591,12S,MFU,PGTF,0,0
MFU.PGTF.TD.1,1,Leuroglossus stilbius,11084,0.109232103,12S,MFU,PGTF,0,1
MFU.PGTF.TD.2,2,Leuroglossus stilbius,12454,0.107927759,12S,MFU,PGTF,0,1
MFU.PGTF.TD.3,3,Leuroglossus stilbius,7814,0.105417948,12S,MFU,PGTF,0,1
MFU.QMMM.1,1,Leuroglossus stilbius,19974,0.129635639,12S,MFU,QMMM,0,0
MFU.QMMM.2,2,Leuroglossus stilbius,17974,0.129409901,12S,MFU,QMMM,0,0
MFU.QMMM.3,3,Leuroglossus stilbius,11890,0.109405767,12S,MFU,QMMM,0,0
MFU.QMMM.BSA.1,1,Leuroglossus stilbius,46691,0.099296708,12S,MFU,QMMM,1,0
MFU.QMMM.BSA.2,2,Leuroglossus stilbius,42847,0.096140211,12S,MFU,QMMM,1,0
MFU.QMMM.BSA.3,3,Leuroglossus stilbius,48600,0.096438521,12S,MFU,QMMM,1,0
MFU.QMMM.BSA.4,4,Leuroglossus stilbius,10819,0.095876572,12S,MFU,QMMM,1,0
MFU.QMMM.BSA.5,5,Leuroglossus stilbius,10217,0.093183394,12S,MFU,QMMM,1,0
MFU.QMMM.BSA.6,6,Leuroglossus stilbius,12141,0.100679155,12S,MFU,QMMM,1,0
MFU.QMMM.TD.1,1,Leuroglossus stilbius,20508,0.128546177,12S,MFU,QMMM,0,1
MFU.QMMM.TD.2,2,Leuroglossus stilbius,15052,0.122023785,12S,MFU,QMMM,0,1
MFU.QMMM.TD.3,3,Leuroglossus stilbius,14462,0.120179164,12S,MFU,QMMM,0,1
MV1.IPSF.1,1,Leuroglossus stilbius,11873,0.079641269,12S,MV1,IPSF,0,0
MV1.IPSF.2,2,Leuroglossus stilbius,11482,0.084264757,12S,MV1,IPSF,0,0
MV1.IPSF.3,3,Leuroglossus stilbius,6644,0.080275479,12S,MV1,IPSF,0,0
MV1.NPHF.1,1,Leuroglossus stilbius,12454,0.079196714,12S,MV1,NPHF,0,0
MV1.NPHF.2,2,Leuroglossus stilbius,11241,0.075854297,12S,MV1,NPHF,0,0
MV1.NPHF.3,3,Leuroglossus stilbius,6286,0.081826584,12S,MV1,NPHF,0,0
MV1.NPHF.BSA.1,1,Leuroglossus stilbius,13334,0.078339904,12S,MV1,NPHF,1,0
MV1.NPHF.BSA.2,2,Leuroglossus stilbius,10623,0.077347061,12S,MV1,NPHF,1,0
MV1.NPHF.BSA.3,3,Leuroglossus stilbius,11435,0.078760495,12S,MV1,NPHF,1,0
MV1.PGTF.1,1,Leuroglossus stilbius,14683,0.086682646,12S,MV1,PGTF,1,0
MV1.PGTF.2,2,Leuroglossus stilbius,13061,0.084753902,12S,MV1,PGTF,1,0
MV1.PGTF.3,3,Leuroglossus stilbius,11336,0.086933182,12S,MV1,PGTF,1,0
MV1.PGTF.TD.1,1,Leuroglossus stilbius,16060,0.094714618,12S,MV1,PGTF,1,1
MV1.PGTF.TD.2,2,Leuroglossus stilbius,10099,0.094800477,12S,MV1,PGTF,1,1
MV1.PGTF.TD.3,3,Leuroglossus stilbius,14509,0.098039746,12S,MV1,PGTF,1,1
MV1.QMMM.1,1,Leuroglossus stilbius,11323,0.084634531,12S,MV1,QMMM,0,0
MV1.QMMM.2,2,Leuroglossus stilbius,14278,0.085070127,12S,MV1,QMMM,0,0
MV1.QMMM.3,3,Leuroglossus stilbius,9940,0.088913537,12S,MV1,QMMM,0,0
MV3.IPSF.1,1,Leuroglossus stilbius,14332,0.065006577,16S,MV3,IPSF,0,0
MV3.IPSF.2,2,Leuroglossus stilbius,2264,0.06155854,16S,MV3,IPSF,0,0
MV3.IPSF.3,3,Leuroglossus stilbius,2099,0.064354918,16S,MV3,IPSF,0,0
MV3.NPHF.1,1,Leuroglossus stilbius,16500,0.064439784,16S,MV3,NPHF,0,0
MV3.NPHF.2,2,Leuroglossus stilbius,4378,0.068826738,16S,MV3,NPHF,0,0
MV3.NPHF.3,3,Leuroglossus stilbius,5269,0.065153951,16S,MV3,NPHF,0,0
MV3.PGTF.1,1,Leuroglossus stilbius,5063,0.074402269,16S,MV3,PGTF,1,0
MV3.PGTF.2,2,Leuroglossus stilbius,11292,0.074476645,16S,MV3,PGTF,1,0
MV3.PGTF.3,3,Leuroglossus stilbius,5371,0.069534709,16S,MV3,PGTF,1,0
MV3.PGTF.TD.1,1,Leuroglossus stilbius,13532,0.083822691,16S,MV3,PGTF,1,1
MV3.PGTF.TD.2,2,Leuroglossus stilbius,7731,0.084382982,16S,MV3,PGTF,1,1
MV3.PGTF.TD.3,3,Leuroglossus stilbius,9810,0.082522271,16S,MV3,PGTF,1,1
MV3.QMMM.1,1,Leuroglossus stilbius,18508,0.072546821,16S,MV3,QMMM,0,0
MV3.QMMM.2,2,Leuroglossus stilbius,8240,0.070921986,16S,MV3,QMMM,0,0
MV3.QMMM.3,3,Leuroglossus stilbius,10070,0.075248087,16S,MV3,QMMM,0,0
C16.IPSF.1,1,Merluccius productus,36,0.00120028,16S,C16,IPSF,0,0
C16.IPSF.2,2,Merluccius productus,46,0.000952716,16S,C16,IPSF,0,0
C16.IPSF.3,3,Merluccius productus,26,0.001032443,16S,C16,IPSF,0,0
C16.NPHF.1,1,Merluccius productus,95,0.000617818,16S,C16,NPHF,0,0
C16.NPHF.2,2,Merluccius productus,63,0.000464787,16S,C16,NPHF,0,0
C16.NPHF.3,3,Merluccius productus,85,0.000532875,16S,C16,NPHF,0,0
C16.PGTF.1,1,Merluccius productus,19,0.000293337,16S,C16,PGTF,1,0
C16.PGTF.2,2,Merluccius productus,18,0.000361192,16S,C16,PGTF,1,0
C16.PGTF.3,3,Merluccius productus,16,0.000244712,16S,C16,PGTF,1,0
C16.QMMM.1,1,Merluccius productus,3,0.000853971,16S,C16,QMMM,0,0
C16.QMMM.2,2,Merluccius productus,0,0,16S,C16,QMMM,0,0
C16.QMMM.3,3,Merluccius productus,13,0.00260521,16S,C16,QMMM,0,0
LRY.PGTF.1,1,Merluccius productus,58798,0.212156857,COI,LRY,PGTF,1,0
LRY.PGTF.2,2,Merluccius productus,61100,0.216137054,COI,LRY,PGTF,1,0
LRY.PGTF.3,3,Merluccius productus,65184,0.228196143,COI,LRY,PGTF,1,0
LRY.QMMM.1,1,Merluccius productus,78792,0.202147911,COI,LRY,QMMM,0,0
LRY.QMMM.2,2,Merluccius productus,78353,0.203202357,COI,LRY,QMMM,0,0
LRY.QMMM.3,3,Merluccius productus,52687,0.213991251,COI,LRY,QMMM,0,0
MFU.IPSF.1,1,Merluccius productus,5813,0.048447723,12S,MFU,IPSF,0,0
MFU.IPSF.2,2,Merluccius productus,4873,0.041361808,12S,MFU,IPSF,0,0
MFU.IPSF.3,3,Merluccius productus,4950,0.042653293,12S,MFU,IPSF,0,0
MFU.IPSF.BSA.1,1,Merluccius productus,8433,0.074900745,12S,MFU,IPSF,1,0
MFU.IPSF.BSA.2,2,Merluccius productus,8964,0.074544699,12S,MFU,IPSF,1,0
MFU.IPSF.BSA.3,3,Merluccius productus,7277,0.069471493,12S,MFU,IPSF,1,0
MFU.IPSF.TD.1,1,Merluccius productus,3267,0.034195459,12S,MFU,IPSF,0,1
MFU.IPSF.TD.2,2,Merluccius productus,3110,0.038976827,12S,MFU,IPSF,0,1
MFU.IPSF.TD.3,3,Merluccius productus,2028,0.030989273,12S,MFU,IPSF,0,1
MFU.NPHF.1,1,Merluccius productus,13595,0.102749562,12S,MFU,NPHF,0,0
MFU.NPHF.2,2,Merluccius productus,13913,0.087701162,12S,MFU,NPHF,0,0
MFU.NPHF.3,3,Merluccius productus,13491,0.082964867,12S,MFU,NPHF,0,0
MFU.NPHF.BSA.1,1,Merluccius productus,13912,0.083495379,12S,MFU,NPHF,1,0
MFU.NPHF.BSA.2,2,Merluccius productus,11346,0.077312001,12S,MFU,NPHF,1,0
MFU.NPHF.BSA.3,3,Merluccius productus,8488,0.085327114,12S,MFU,NPHF,1,0
MFU.NPHF.TD.1,1,Merluccius productus,1496,0.019911887,12S,MFU,NPHF,0,1
MFU.NPHF.TD.2,2,Merluccius productus,2082,0.021789411,12S,MFU,NPHF,0,1
MFU.NPHF.TD.3,3,Merluccius productus,3095,0.024445147,12S,MFU,NPHF,0,1
MFU.PGTF.BSA.1,1,Merluccius productus,9182,0.057824436,12S,MFU,PGTF,1,0
MFU.PGTF.BSA.2,2,Merluccius productus,8402,0.055815375,12S,MFU,PGTF,1,0
MFU.PGTF.BSA.3,3,Merluccius productus,10926,0.060317986,12S,MFU,PGTF,1,0
MFU.PGTF.BSA.4,4,Merluccius productus,8368,0.065072008,12S,MFU,PGTF,1,0
MFU.PGTF.BSA.5,5,Merluccius productus,5668,0.063658928,12S,MFU,PGTF,1,0
MFU.PGTF.BSA.6,6,Merluccius productus,5157,0.060545935,12S,MFU,PGTF,1,0
MFU.PGTF.1,1,Merluccius productus,5448,0.058373513,12S,MFU,PGTF,0,0
MFU.PGTF.2,2,Merluccius productus,6935,0.058723909,12S,MFU,PGTF,0,0
MFU.PGTF.3,3,Merluccius productus,6262,0.056482091,12S,MFU,PGTF,0,0
MFU.PGTF.TD.1,1,Merluccius productus,2538,0.025011826,12S,MFU,PGTF,0,1
MFU.PGTF.TD.2,2,Merluccius productus,2622,0.022722546,12S,MFU,PGTF,0,1
MFU.PGTF.TD.3,3,Merluccius productus,1766,0.023824942,12S,MFU,PGTF,0,1
MFU.QMMM.1,1,Merluccius productus,1323,0.00858656,12S,MFU,QMMM,0,0
MFU.QMMM.2,2,Merluccius productus,953,0.006861446,12S,MFU,QMMM,0,0
MFU.QMMM.3,3,Merluccius productus,915,0.008419367,12S,MFU,QMMM,0,0
MFU.QMMM.BSA.1,1,Merluccius productus,39183,0.083329612,12S,MFU,QMMM,1,0
MFU.QMMM.BSA.2,2,Merluccius productus,36816,0.082607837,12S,MFU,QMMM,1,0
MFU.QMMM.BSA.3,3,Merluccius productus,41689,0.082724805,12S,MFU,QMMM,1,0
MFU.QMMM.BSA.4,4,Merluccius productus,8223,0.072871157,12S,MFU,QMMM,1,0
MFU.QMMM.BSA.5,5,Merluccius productus,7544,0.068804495,12S,MFU,QMMM,1,0
MFU.QMMM.BSA.6,6,Merluccius productus,9063,0.075154862,12S,MFU,QMMM,1,0
MFU.QMMM.TD.1,1,Merluccius productus,746,0.004676002,12S,MFU,QMMM,0,1
MFU.QMMM.TD.2,2,Merluccius productus,636,0.005155935,12S,MFU,QMMM,0,1
MFU.QMMM.TD.3,3,Merluccius productus,665,0.005526147,12S,MFU,QMMM,0,1
MV1.IPSF.1,1,Merluccius productus,9448,0.063374944,12S,MV1,IPSF,0,0
MV1.IPSF.2,2,Merluccius productus,8227,0.060376777,12S,MV1,IPSF,0,0
MV1.IPSF.3,3,Merluccius productus,5088,0.061475261,12S,MV1,IPSF,0,0
MV1.NPHF.1,1,Merluccius productus,12324,0.078370026,12S,MV1,NPHF,0,0
MV1.NPHF.2,2,Merluccius productus,12267,0.082777748,12S,MV1,NPHF,0,0
MV1.NPHF.3,3,Merluccius productus,6242,0.081253824,12S,MV1,NPHF,0,0
MV1.NPHF.BSA.1,1,Merluccius productus,12654,0.074344768,12S,MV1,NPHF,1,0
MV1.NPHF.BSA.2,2,Merluccius productus,10547,0.076793697,12S,MV1,NPHF,1,0
MV1.NPHF.BSA.3,3,Merluccius productus,10405,0.071666196,12S,MV1,NPHF,1,0
MV1.PGTF.1,1,Merluccius productus,13618,0.080395305,12S,MV1,PGTF,1,0
MV1.PGTF.2,2,Merluccius productus,11167,0.07246358,12S,MV1,PGTF,1,0
MV1.PGTF.3,3,Merluccius productus,9023,0.069195316,12S,MV1,PGTF,1,0
MV1.PGTF.TD.1,1,Merluccius productus,7862,0.046366521,12S,MV1,PGTF,1,1
MV1.PGTF.TD.2,2,Merluccius productus,5023,0.04715148,12S,MV1,PGTF,1,1
MV1.PGTF.TD.3,3,Merluccius productus,8107,0.054780358,12S,MV1,PGTF,1,1
MV1.QMMM.1,1,Merluccius productus,9537,0.071284953,12S,MV1,QMMM,0,0
MV1.QMMM.2,2,Merluccius productus,11539,0.068750819,12S,MV1,QMMM,0,0
MV1.QMMM.3,3,Merluccius productus,7627,0.068223697,12S,MV1,QMMM,0,0
MV3.IPSF.1,1,Merluccius productus,21237,0.096326031,16S,MV3,IPSF,0,0
MV3.IPSF.2,2,Merluccius productus,3255,0.088503997,16S,MV3,IPSF,0,0
MV3.IPSF.3,3,Merluccius productus,2788,0.085479519,16S,MV3,IPSF,0,0
MV3.NPHF.1,1,Merluccius productus,21811,0.085181584,16S,MV3,NPHF,0,0
MV3.NPHF.2,2,Merluccius productus,4859,0.076388561,16S,MV3,NPHF,0,0
MV3.NPHF.3,3,Merluccius productus,7131,0.088178558,16S,MV3,NPHF,0,0
MV3.PGTF.1,1,Merluccius productus,9555,0.140413526,16S,MV3,PGTF,1,0
MV3.PGTF.2,2,Merluccius productus,22240,0.146684431,16S,MV3,PGTF,1,0
MV3.PGTF.3,3,Merluccius productus,10701,0.138538619,16S,MV3,PGTF,1,0
MV3.PGTF.TD.1,1,Merluccius productus,8978,0.05561337,16S,MV3,PGTF,1,1
MV3.PGTF.TD.2,2,Merluccius productus,4593,0.05013207,16S,MV3,PGTF,1,1
MV3.PGTF.TD.3,3,Merluccius productus,6913,0.058152544,16S,MV3,PGTF,1,1
MV3.QMMM.1,1,Merluccius productus,54515,0.213685432,16S,MV3,QMMM,0,0
MV3.QMMM.2,2,Merluccius productus,24532,0.211147834,16S,MV3,QMMM,0,0
MV3.QMMM.3,3,Merluccius productus,29604,0.221215925,16S,MV3,QMMM,0,0
C16.IPSF.1,1,Oncorhynchus nerka,1867,0.062247858,16S,C16,IPSF,0,0
C16.IPSF.2,2,Oncorhynchus nerka,3044,0.063044964,16S,C16,IPSF,0,0
C16.IPSF.3,3,Oncorhynchus nerka,1514,0.060119922,16S,C16,IPSF,0,0
C16.NPHF.1,1,Oncorhynchus nerka,10338,0.067231591,16S,C16,NPHF,0,0
C16.NPHF.2,2,Oncorhynchus nerka,8875,0.065475927,16S,C16,NPHF,0,0
C16.NPHF.3,3,Oncorhynchus nerka,10515,0.065919805,16S,C16,NPHF,0,0
C16.PGTF.1,1,Oncorhynchus nerka,3330,0.051411104,16S,C16,PGTF,1,0
C16.PGTF.2,2,Oncorhynchus nerka,2604,0.052252433,16S,C16,PGTF,1,0
C16.PGTF.3,3,Oncorhynchus nerka,3429,0.052444825,16S,C16,PGTF,1,0
C16.QMMM.1,1,Oncorhynchus nerka,185,0.052661543,16S,C16,QMMM,0,0
C16.QMMM.2,2,Oncorhynchus nerka,124,0.054505495,16S,C16,QMMM,0,0
C16.QMMM.3,3,Oncorhynchus nerka,214,0.042885772,16S,C16,QMMM,0,0
LRY.PGTF.1,1,Oncorhynchus nerka,39451,0.142348382,COI,LRY,PGTF,1,0
LRY.PGTF.2,2,Oncorhynchus nerka,40886,0.144631417,COI,LRY,PGTF,1,0
LRY.PGTF.3,3,Oncorhynchus nerka,41238,0.144365988,COI,LRY,PGTF,1,0
LRY.QMMM.1,1,Oncorhynchus nerka,101020,0.25917583,COI,LRY,QMMM,0,0
LRY.QMMM.2,2,Oncorhynchus nerka,96682,0.25073718,COI,LRY,QMMM,0,0
LRY.QMMM.3,3,Oncorhynchus nerka,58957,0.239457214,COI,LRY,QMMM,0,0
MFU.IPSF.1,1,Oncorhynchus nerka,8692,0.072442389,12S,MFU,IPSF,0,0
MFU.IPSF.2,2,Oncorhynchus nerka,8182,0.069448453,12S,MFU,IPSF,0,0
MFU.IPSF.3,3,Oncorhynchus nerka,8168,0.070382242,12S,MFU,IPSF,0,0
MFU.IPSF.BSA.1,1,Oncorhynchus nerka,6307,0.056017906,12S,MFU,IPSF,1,0
MFU.IPSF.BSA.2,2,Oncorhynchus nerka,6691,0.055642412,12S,MFU,IPSF,1,0
MFU.IPSF.BSA.3,3,Oncorhynchus nerka,5522,0.052716997,12S,MFU,IPSF,1,0
MFU.IPSF.TD.1,1,Oncorhynchus nerka,4847,0.050733208,12S,MFU,IPSF,0,1
MFU.IPSF.TD.2,2,Oncorhynchus nerka,4422,0.055419784,12S,MFU,IPSF,0,1
MFU.IPSF.TD.3,3,Oncorhynchus nerka,3257,0.049769261,12S,MFU,IPSF,0,1
MFU.NPHF.1,1,Oncorhynchus nerka,7192,0.05435637,12S,MFU,NPHF,0,0
MFU.NPHF.2,2,Oncorhynchus nerka,8737,0.055074035,12S,MFU,NPHF,0,0
MFU.NPHF.3,3,Oncorhynchus nerka,9262,0.056958016,12S,MFU,NPHF,0,0
MFU.NPHF.BSA.1,1,Oncorhynchus nerka,9576,0.057472092,12S,MFU,NPHF,1,0
MFU.NPHF.BSA.2,2,Oncorhynchus nerka,7994,0.054471367,12S,MFU,NPHF,1,0
MFU.NPHF.BSA.3,3,Oncorhynchus nerka,5969,0.060004423,12S,MFU,NPHF,1,0
MFU.NPHF.TD.1,1,Oncorhynchus nerka,2825,0.03760099,12S,MFU,NPHF,0,1
MFU.NPHF.TD.2,2,Oncorhynchus nerka,3960,0.041443836,12S,MFU,NPHF,0,1
MFU.NPHF.TD.3,3,Oncorhynchus nerka,4941,0.039025353,12S,MFU,NPHF,0,1
MFU.PGTF.BSA.1,1,Oncorhynchus nerka,10065,0.063385204,12S,MFU,PGTF,1,0
MFU.PGTF.BSA.2,2,Oncorhynchus nerka,9692,0.064384981,12S,MFU,PGTF,1,0
MFU.PGTF.BSA.3,3,Oncorhynchus nerka,11576,0.063906371,12S,MFU,PGTF,1,0
MFU.PGTF.BSA.4,4,Oncorhynchus nerka,6574,0.051121341,12S,MFU,PGTF,1,0
MFU.PGTF.BSA.5,5,Oncorhynchus nerka,4480,0.050316161,12S,MFU,PGTF,1,0
MFU.PGTF.BSA.6,6,Oncorhynchus nerka,4353,0.051106545,12S,MFU,PGTF,1,0
MFU.PGTF.1,1,Oncorhynchus nerka,5270,0.056466302,12S,MFU,PGTF,0,0
MFU.PGTF.2,2,Oncorhynchus nerka,6484,0.054904949,12S,MFU,PGTF,0,0
MFU.PGTF.3,3,Oncorhynchus nerka,5713,0.051530212,12S,MFU,PGTF,0,0
MFU.PGTF.TD.1,1,Oncorhynchus nerka,6013,0.059257726,12S,MFU,PGTF,0,1
MFU.PGTF.TD.2,2,Oncorhynchus nerka,6461,0.05599175,12S,MFU,PGTF,0,1
MFU.PGTF.TD.3,3,Oncorhynchus nerka,4081,0.055056392,12S,MFU,PGTF,0,1
MFU.QMMM.1,1,Oncorhynchus nerka,10797,0.070074897,12S,MFU,QMMM,0,0
MFU.QMMM.2,2,Oncorhynchus nerka,9619,0.069255249,12S,MFU,QMMM,0,0
MFU.QMMM.3,3,Oncorhynchus nerka,8127,0.074780544,12S,MFU,QMMM,0,0
MFU.QMMM.BSA.1,1,Oncorhynchus nerka,28975,0.061620486,12S,MFU,QMMM,1,0
MFU.QMMM.BSA.2,2,Oncorhynchus nerka,26825,0.060190005,12S,MFU,QMMM,1,0
MFU.QMMM.BSA.3,3,Oncorhynchus nerka,28889,0.057325359,12S,MFU,QMMM,1,0
MFU.QMMM.BSA.4,4,Oncorhynchus nerka,6683,0.059223877,12S,MFU,QMMM,1,0
MFU.QMMM.BSA.5,5,Oncorhynchus nerka,6464,0.058954434,12S,MFU,QMMM,1,0
MFU.QMMM.BSA.6,6,Oncorhynchus nerka,7025,0.058254762,12S,MFU,QMMM,1,0
MFU.QMMM.TD.1,1,Oncorhynchus nerka,10089,0.063238852,12S,MFU,QMMM,0,1
MFU.QMMM.TD.2,2,Oncorhynchus nerka,8275,0.067083897,12S,MFU,QMMM,0,1
MFU.QMMM.TD.3,3,Oncorhynchus nerka,7784,0.06468501,12S,MFU,QMMM,0,1
MV1.IPSF.1,1,Oncorhynchus nerka,8370,0.056143975,12S,MV1,IPSF,0,0
MV1.IPSF.2,2,Oncorhynchus nerka,6936,0.050902312,12S,MV1,IPSF,0,0
MV1.IPSF.3,3,Oncorhynchus nerka,4614,0.055748203,12S,MV1,IPSF,0,0
MV1.NPHF.1,1,Oncorhynchus nerka,7201,0.045792158,12S,MV1,NPHF,0,0
MV1.NPHF.2,2,Oncorhynchus nerka,6834,0.04611585,12S,MV1,NPHF,0,0
MV1.NPHF.3,3,Oncorhynchus nerka,3612,0.047018393,12S,MV1,NPHF,0,0
MV1.NPHF.BSA.1,1,Oncorhynchus nerka,8613,0.050603089,12S,MV1,NPHF,1,0
MV1.NPHF.BSA.2,2,Oncorhynchus nerka,6702,0.048797891,12S,MV1,NPHF,1,0
MV1.NPHF.BSA.3,3,Oncorhynchus nerka,7336,0.05052794,12S,MV1,NPHF,1,0
MV1.PGTF.1,1,Oncorhynchus nerka,8736,0.051573901,12S,MV1,PGTF,1,0
MV1.PGTF.2,2,Oncorhynchus nerka,7535,0.048895234,12S,MV1,PGTF,1,0
MV1.PGTF.3,3,Oncorhynchus nerka,6454,0.049494245,12S,MV1,PGTF,1,0
MV1.PGTF.TD.1,1,Oncorhynchus nerka,5127,0.030236728,12S,MV1,PGTF,1,1
MV1.PGTF.TD.2,2,Oncorhynchus nerka,3295,0.030930545,12S,MV1,PGTF,1,1
MV1.PGTF.TD.3,3,Oncorhynchus nerka,5149,0.034792656,12S,MV1,PGTF,1,1
MV1.QMMM.1,1,Oncorhynchus nerka,7153,0.053465583,12S,MV1,QMMM,0,0
MV1.QMMM.2,2,Oncorhynchus nerka,8964,0.053408644,12S,MV1,QMMM,0,0
MV1.QMMM.3,3,Oncorhynchus nerka,5823,0.052086874,12S,MV1,QMMM,0,0
MV3.IPSF.1,1,Oncorhynchus nerka,11355,0.051503606,16S,MV3,IPSF,0,0
MV3.IPSF.2,2,Oncorhynchus nerka,1861,0.050600903,16S,MV3,IPSF,0,0
MV3.IPSF.3,3,Oncorhynchus nerka,1729,0.053010792,16S,MV3,IPSF,0,0
MV3.NPHF.1,1,Oncorhynchus nerka,11576,0.04520939,16S,MV3,NPHF,0,0
MV3.NPHF.2,2,Oncorhynchus nerka,2871,0.045135122,16S,MV3,NPHF,0,0
MV3.NPHF.3,3,Oncorhynchus nerka,3058,0.037813775,16S,MV3,NPHF,0,0
MV3.PGTF.1,1,Oncorhynchus nerka,2812,0.041323164,16S,MV3,PGTF,1,0
MV3.PGTF.2,2,Oncorhynchus nerka,6416,0.042316875,16S,MV3,PGTF,1,0
MV3.PGTF.3,3,Oncorhynchus nerka,3123,0.040431372,16S,MV3,PGTF,1,0
MV3.PGTF.TD.1,1,Oncorhynchus nerka,6381,0.0395265,16S,MV3,PGTF,1,1
MV3.PGTF.TD.2,2,Oncorhynchus nerka,3244,0.035407889,16S,MV3,PGTF,1,1
MV3.PGTF.TD.3,3,Oncorhynchus nerka,3961,0.033320154,16S,MV3,PGTF,1,1
MV3.QMMM.1,1,Oncorhynchus nerka,10783,0.042266716,16S,MV3,QMMM,0,0
MV3.QMMM.2,2,Oncorhynchus nerka,4914,0.04229498,16S,MV3,QMMM,0,0
MV3.QMMM.3,3,Oncorhynchus nerka,5372,0.040142276,16S,MV3,QMMM,0,0
C16.IPSF.1,1,Oncorhynchus tshawytscha,0,0,16S,C16,IPSF,0,0
C16.IPSF.2,2,Oncorhynchus tshawytscha,0,0,16S,C16,IPSF,0,0
C16.IPSF.3,3,Oncorhynchus tshawytscha,0,0,16S,C16,IPSF,0,0
C16.NPHF.1,1,Oncorhynchus tshawytscha,0,0,16S,C16,NPHF,0,0
C16.NPHF.2,2,Oncorhynchus tshawytscha,0,0,16S,C16,NPHF,0,0
C16.NPHF.3,3,Oncorhynchus tshawytscha,0,0,16S,C16,NPHF,0,0
C16.PGTF.1,1,Oncorhynchus tshawytscha,0,0,16S,C16,PGTF,1,0
C16.PGTF.2,2,Oncorhynchus tshawytscha,0,0,16S,C16,PGTF,1,0
C16.PGTF.3,3,Oncorhynchus tshawytscha,0,0,16S,C16,PGTF,1,0
C16.QMMM.1,1,Oncorhynchus tshawytscha,0,0,16S,C16,QMMM,0,0
C16.QMMM.2,2,Oncorhynchus tshawytscha,0,0,16S,C16,QMMM,0,0
C16.QMMM.3,3,Oncorhynchus tshawytscha,0,0,16S,C16,QMMM,0,0
LRY.PGTF.1,1,Oncorhynchus tshawytscha,233,0.000840718,COI,LRY,PGTF,1,0
LRY.PGTF.2,2,Oncorhynchus tshawytscha,229,0.000810072,COI,LRY,PGTF,1,0
LRY.PGTF.3,3,Oncorhynchus tshawytscha,185,0.000647648,COI,LRY,PGTF,1,0
LRY.QMMM.1,1,Oncorhynchus tshawytscha,0,0,COI,LRY,QMMM,0,0
LRY.QMMM.2,2,Oncorhynchus tshawytscha,20,5.19E-05,COI,LRY,QMMM,0,0
LRY.QMMM.3,3,Oncorhynchus tshawytscha,0,0,COI,LRY,QMMM,0,0
MFU.IPSF.1,1,Oncorhynchus tshawytscha,681,0.005675709,12S,MFU,IPSF,0,0
MFU.IPSF.2,2,Oncorhynchus tshawytscha,625,0.005304972,12S,MFU,IPSF,0,0
MFU.IPSF.3,3,Oncorhynchus tshawytscha,608,0.005239031,12S,MFU,IPSF,0,0
MFU.IPSF.BSA.1,1,Oncorhynchus tshawytscha,505,0.00448534,12S,MFU,IPSF,1,0
MFU.IPSF.BSA.2,2,Oncorhynchus tshawytscha,558,0.004640333,12S,MFU,IPSF,1,0
MFU.IPSF.BSA.3,3,Oncorhynchus tshawytscha,491,0.00468744,12S,MFU,IPSF,1,0
MFU.IPSF.TD.1,1,Oncorhynchus tshawytscha,339,0.003548289,12S,MFU,IPSF,0,1
MFU.IPSF.TD.2,2,Oncorhynchus tshawytscha,295,0.003697159,12S,MFU,IPSF,0,1
MFU.IPSF.TD.3,3,Oncorhynchus tshawytscha,243,0.003713212,12S,MFU,IPSF,0,1
MFU.NPHF.1,1,Oncorhynchus tshawytscha,538,0.004066147,12S,MFU,NPHF,0,0
MFU.NPHF.2,2,Oncorhynchus tshawytscha,617,0.003889285,12S,MFU,NPHF,0,0
MFU.NPHF.3,3,Oncorhynchus tshawytscha,707,0.004347799,12S,MFU,NPHF,0,0
MFU.NPHF.BSA.1,1,Oncorhynchus tshawytscha,824,0.004945385,12S,MFU,NPHF,1,0
MFU.NPHF.BSA.2,2,Oncorhynchus tshawytscha,692,0.00471531,12S,MFU,NPHF,1,0
MFU.NPHF.BSA.3,3,Oncorhynchus tshawytscha,507,0.005096707,12S,MFU,NPHF,1,0
MFU.NPHF.TD.1,1,Oncorhynchus tshawytscha,163,0.002169544,12S,MFU,NPHF,0,1
MFU.NPHF.TD.2,2,Oncorhynchus tshawytscha,188,0.001967536,12S,MFU,NPHF,0,1
MFU.NPHF.TD.3,3,Oncorhynchus tshawytscha,299,0.002361583,12S,MFU,NPHF,0,1
MFU.PGTF.BSA.1,1,Oncorhynchus tshawytscha,854,0.005378139,12S,MFU,PGTF,1,0
MFU.PGTF.BSA.2,2,Oncorhynchus tshawytscha,806,0.005354343,12S,MFU,PGTF,1,0
MFU.PGTF.BSA.3,3,Oncorhynchus tshawytscha,955,0.005272165,12S,MFU,PGTF,1,0
MFU.PGTF.BSA.4,4,Oncorhynchus tshawytscha,485,0.003771501,12S,MFU,PGTF,1,0
MFU.PGTF.BSA.5,5,Oncorhynchus tshawytscha,343,0.003852331,12S,MFU,PGTF,1,0
MFU.PGTF.BSA.6,6,Oncorhynchus tshawytscha,334,0.003921338,12S,MFU,PGTF,1,0
MFU.PGTF.1,1,Oncorhynchus tshawytscha,390,0.004178721,12S,MFU,PGTF,0,0
MFU.PGTF.2,2,Oncorhynchus tshawytscha,504,0.004267751,12S,MFU,PGTF,0,0
MFU.PGTF.3,3,Oncorhynchus tshawytscha,393,0.003544788,12S,MFU,PGTF,0,0
MFU.PGTF.TD.1,1,Oncorhynchus tshawytscha,449,0.004424866,12S,MFU,PGTF,0,1
MFU.PGTF.TD.2,2,Oncorhynchus tshawytscha,482,0.004177066,12S,MFU,PGTF,0,1
MFU.PGTF.TD.3,3,Oncorhynchus tshawytscha,294,0.003966327,12S,MFU,PGTF,0,1
MFU.QMMM.1,1,Oncorhynchus tshawytscha,1042,0.006762808,12S,MFU,QMMM,0,0
MFU.QMMM.2,2,Oncorhynchus tshawytscha,856,0.006163062,12S,MFU,QMMM,0,0
MFU.QMMM.3,3,Oncorhynchus tshawytscha,679,0.006247815,12S,MFU,QMMM,0,0
MFU.QMMM.BSA.1,1,Oncorhynchus tshawytscha,2669,0.005676103,12S,MFU,QMMM,1,0
MFU.QMMM.BSA.2,2,Oncorhynchus tshawytscha,2478,0.005560143,12S,MFU,QMMM,1,0
MFU.QMMM.BSA.3,3,Oncorhynchus tshawytscha,2505,0.004970751,12S,MFU,QMMM,1,0
MFU.QMMM.BSA.4,4,Oncorhynchus tshawytscha,607,0.005379155,12S,MFU,QMMM,1,0
MFU.QMMM.BSA.5,5,Oncorhynchus tshawytscha,480,0.004377805,12S,MFU,QMMM,1,0
MFU.QMMM.BSA.6,6,Oncorhynchus tshawytscha,634,0.00525744,12S,MFU,QMMM,1,0
MFU.QMMM.TD.1,1,Oncorhynchus tshawytscha,848,0.005315348,12S,MFU,QMMM,0,1
MFU.QMMM.TD.2,2,Oncorhynchus tshawytscha,736,0.005966616,12S,MFU,QMMM,0,1
MFU.QMMM.TD.3,3,Oncorhynchus tshawytscha,669,0.005559387,12S,MFU,QMMM,0,1
MV1.IPSF.1,1,Oncorhynchus tshawytscha,666,0.00446737,12S,MV1,IPSF,0,0
MV1.IPSF.2,2,Oncorhynchus tshawytscha,563,0.004131777,12S,MV1,IPSF,0,0
MV1.IPSF.3,3,Oncorhynchus tshawytscha,425,0.005135021,12S,MV1,IPSF,0,0
MV1.NPHF.1,1,Oncorhynchus tshawytscha,540,0.003433935,12S,MV1,NPHF,0,0
MV1.NPHF.2,2,Oncorhynchus tshawytscha,506,0.003414489,12S,MV1,NPHF,0,0
MV1.NPHF.3,3,Oncorhynchus tshawytscha,282,0.003670871,12S,MV1,NPHF,0,0
MV1.NPHF.BSA.1,1,Oncorhynchus tshawytscha,693,0.004071513,12S,MV1,NPHF,1,0
MV1.NPHF.BSA.2,2,Oncorhynchus tshawytscha,500,0.003640547,12S,MV1,NPHF,1,0
MV1.NPHF.BSA.3,3,Oncorhynchus tshawytscha,593,0.004084388,12S,MV1,NPHF,1,0
MV1.PGTF.1,1,Oncorhynchus tshawytscha,716,0.004226982,12S,MV1,PGTF,1,0
MV1.PGTF.2,2,Oncorhynchus tshawytscha,618,0.004010253,12S,MV1,PGTF,1,0
MV1.PGTF.3,3,Oncorhynchus tshawytscha,581,0.004455556,12S,MV1,PGTF,1,0
MV1.PGTF.TD.1,1,Oncorhynchus tshawytscha,293,0.001727982,12S,MV1,PGTF,1,1
MV1.PGTF.TD.2,2,Oncorhynchus tshawytscha,218,0.002046391,12S,MV1,PGTF,1,1
MV1.PGTF.TD.3,3,Oncorhynchus tshawytscha,341,0.002304194,12S,MV1,PGTF,1,1
MV1.QMMM.1,1,Oncorhynchus tshawytscha,579,0.004327775,12S,MV1,QMMM,0,0
MV1.QMMM.2,2,Oncorhynchus tshawytscha,805,0.004796292,12S,MV1,QMMM,0,0
MV1.QMMM.3,3,Oncorhynchus tshawytscha,494,0.004418842,12S,MV1,QMMM,0,0
MV3.IPSF.1,1,Oncorhynchus tshawytscha,0,0,16S,MV3,IPSF,0,0
MV3.IPSF.2,2,Oncorhynchus tshawytscha,0,0,16S,MV3,IPSF,0,0
MV3.IPSF.3,3,Oncorhynchus tshawytscha,0,0,16S,MV3,IPSF,0,0
MV3.NPHF.1,1,Oncorhynchus tshawytscha,0,0,16S,MV3,NPHF,0,0
MV3.NPHF.2,2,Oncorhynchus tshawytscha,0,0,16S,MV3,NPHF,0,0
MV3.NPHF.3,3,Oncorhynchus tshawytscha,0,0,16S,MV3,NPHF,0,0
MV3.PGTF.1,1,Oncorhynchus tshawytscha,0,0,16S,MV3,PGTF,1,0
MV3.PGTF.2,2,Oncorhynchus tshawytscha,0,0,16S,MV3,PGTF,1,0
MV3.PGTF.3,3,Oncorhynchus tshawytscha,0,0,16S,MV3,PGTF,1,0
MV3.PGTF.TD.1,1,Oncorhynchus tshawytscha,0,0,16S,MV3,PGTF,1,1
MV3.PGTF.TD.2,2,Oncorhynchus tshawytscha,0,0,16S,MV3,PGTF,1,1
MV3.PGTF.TD.3,3,Oncorhynchus tshawytscha,0,0,16S,MV3,PGTF,1,1
MV3.QMMM.1,1,Oncorhynchus tshawytscha,0,0,16S,MV3,QMMM,0,0
MV3.QMMM.2,2,Oncorhynchus tshawytscha,0,0,16S,MV3,QMMM,0,0
MV3.QMMM.3,3,Oncorhynchus tshawytscha,0,0,16S,MV3,QMMM,0,0
C16.IPSF.1,1,Sardinops sagax,919,0.030640483,16S,C16,IPSF,0,0
C16.IPSF.2,2,Sardinops sagax,1431,0.029637761,16S,C16,IPSF,0,0
C16.IPSF.3,3,Sardinops sagax,1005,0.039907874,16S,C16,IPSF,0,0
C16.NPHF.1,1,Sardinops sagax,4908,0.031918422,16S,C16,NPHF,0,0
C16.NPHF.2,2,Sardinops sagax,4595,0.033899931,16S,C16,NPHF,0,0
C16.NPHF.3,3,Sardinops sagax,4835,0.030311199,16S,C16,NPHF,0,0
C16.PGTF.1,1,Sardinops sagax,1964,0.030321744,16S,C16,PGTF,1,0
C16.PGTF.2,2,Sardinops sagax,1373,0.027550918,16S,C16,PGTF,1,0
C16.PGTF.3,3,Sardinops sagax,1959,0.029961917,16S,C16,PGTF,1,0
C16.QMMM.1,1,Sardinops sagax,130,0.037005408,16S,C16,QMMM,0,0
C16.QMMM.2,2,Sardinops sagax,71,0.031208791,16S,C16,QMMM,0,0
C16.QMMM.3,3,Sardinops sagax,96,0.019238477,16S,C16,QMMM,0,0
LRY.PGTF.1,1,Sardinops sagax,19010,0.068592501,COI,LRY,PGTF,1,0
LRY.PGTF.2,2,Sardinops sagax,19116,0.067621537,COI,LRY,PGTF,1,0
LRY.PGTF.3,3,Sardinops sagax,18398,0.064407717,COI,LRY,PGTF,1,0
LRY.QMMM.1,1,Sardinops sagax,15755,0.040420859,COI,LRY,QMMM,0,0
LRY.QMMM.2,2,Sardinops sagax,16951,0.043961088,COI,LRY,QMMM,0,0
LRY.QMMM.3,3,Sardinops sagax,10055,0.040838955,COI,LRY,QMMM,0,0
MFU.IPSF.1,1,Sardinops sagax,2930,0.024419719,12S,MFU,IPSF,0,0
MFU.IPSF.2,2,Sardinops sagax,2694,0.022866552,12S,MFU,IPSF,0,0
MFU.IPSF.3,3,Sardinops sagax,2815,0.024256368,12S,MFU,IPSF,0,0
MFU.IPSF.BSA.1,1,Sardinops sagax,1629,0.014468554,12S,MFU,IPSF,1,0
MFU.IPSF.BSA.2,2,Sardinops sagax,1883,0.015659044,12S,MFU,IPSF,1,0
MFU.IPSF.BSA.3,3,Sardinops sagax,1592,0.015198381,12S,MFU,IPSF,1,0
MFU.IPSF.TD.1,1,Sardinops sagax,1086,0.011367086,12S,MFU,IPSF,0,1
MFU.IPSF.TD.2,2,Sardinops sagax,940,0.011780777,12S,MFU,IPSF,0,1
MFU.IPSF.TD.3,3,Sardinops sagax,584,0.008923933,12S,MFU,IPSF,0,1
MFU.NPHF.1,1,Sardinops sagax,1963,0.014836145,12S,MFU,NPHF,0,0
MFU.NPHF.2,2,Sardinops sagax,2661,0.016773722,12S,MFU,NPHF,0,0
MFU.NPHF.3,3,Sardinops sagax,2598,0.015976779,12S,MFU,NPHF,0,0
MFU.NPHF.BSA.1,1,Sardinops sagax,2927,0.017566919,12S,MFU,NPHF,1,0
MFU.NPHF.BSA.2,2,Sardinops sagax,2485,0.016932868,12S,MFU,NPHF,1,0
MFU.NPHF.BSA.3,3,Sardinops sagax,1801,0.01810487,12S,MFU,NPHF,1,0
MFU.NPHF.TD.1,1,Sardinops sagax,495,0.006588492,12S,MFU,NPHF,0,1
MFU.NPHF.TD.2,2,Sardinops sagax,608,0.006363094,12S,MFU,NPHF,0,1
MFU.NPHF.TD.3,3,Sardinops sagax,888,0.007013664,12S,MFU,NPHF,0,1
MFU.PGTF.BSA.1,1,Sardinops sagax,3757,0.023660031,12S,MFU,PGTF,1,0
MFU.PGTF.BSA.2,2,Sardinops sagax,3635,0.02414769,12S,MFU,PGTF,1,0
MFU.PGTF.BSA.3,3,Sardinops sagax,4595,0.025367119,12S,MFU,PGTF,1,0
MFU.PGTF.BSA.4,4,Sardinops sagax,2785,0.021656972,12S,MFU,PGTF,1,0
MFU.PGTF.BSA.5,5,Sardinops sagax,2002,0.022485034,12S,MFU,PGTF,1,0
MFU.PGTF.BSA.6,6,Sardinops sagax,1885,0.022130907,12S,MFU,PGTF,1,0
MFU.PGTF.1,1,Sardinops sagax,2073,0.022211508,12S,MFU,PGTF,0,0
MFU.PGTF.2,2,Sardinops sagax,2742,0.023218595,12S,MFU,PGTF,0,0
MFU.PGTF.3,3,Sardinops sagax,2437,0.021981293,12S,MFU,PGTF,0,0
MFU.PGTF.TD.1,1,Sardinops sagax,2835,0.027938742,12S,MFU,PGTF,0,1
MFU.PGTF.TD.2,2,Sardinops sagax,2984,0.025859678,12S,MFU,PGTF,0,1
MFU.PGTF.TD.3,3,Sardinops sagax,1868,0.025201015,12S,MFU,PGTF,0,1
MFU.QMMM.1,1,Sardinops sagax,4515,0.02930334,12S,MFU,QMMM,0,0
MFU.QMMM.2,2,Sardinops sagax,3520,0.025343432,12S,MFU,QMMM,0,0
MFU.QMMM.3,3,Sardinops sagax,2916,0.026831557,12S,MFU,QMMM,0,0
MFU.QMMM.BSA.1,1,Sardinops sagax,11478,0.024410006,12S,MFU,QMMM,1,0
MFU.QMMM.BSA.2,2,Sardinops sagax,10837,0.024316089,12S,MFU,QMMM,1,0
MFU.QMMM.BSA.3,3,Sardinops sagax,11537,0.022893235,12S,MFU,QMMM,1,0
MFU.QMMM.BSA.4,4,Sardinops sagax,2569,0.022766144,12S,MFU,QMMM,1,0
MFU.QMMM.BSA.5,5,Sardinops sagax,2560,0.023348291,12S,MFU,QMMM,1,0
MFU.QMMM.BSA.6,6,Sardinops sagax,2676,0.022190711,12S,MFU,QMMM,1,0
MFU.QMMM.TD.1,1,Sardinops sagax,3803,0.023837581,12S,MFU,QMMM,0,1
MFU.QMMM.TD.2,2,Sardinops sagax,3135,0.025414866,12S,MFU,QMMM,0,1
MFU.QMMM.TD.3,3,Sardinops sagax,3093,0.025702818,12S,MFU,QMMM,0,1
MV1.IPSF.1,1,Sardinops sagax,3326,0.022310019,12S,MV1,IPSF,0,0
MV1.IPSF.2,2,Sardinops sagax,2785,0.020438717,12S,MV1,IPSF,0,0
MV1.IPSF.3,3,Sardinops sagax,1710,0.020660907,12S,MV1,IPSF,0,0
MV1.NPHF.1,1,Sardinops sagax,1824,0.011599069,12S,MV1,NPHF,0,0
MV1.NPHF.2,2,Sardinops sagax,2038,0.013752429,12S,MV1,NPHF,0,0
MV1.NPHF.3,3,Sardinops sagax,1053,0.013707189,12S,MV1,NPHF,0,0
MV1.NPHF.BSA.1,1,Sardinops sagax,2113,0.012414296,12S,MV1,NPHF,1,0
MV1.NPHF.BSA.2,2,Sardinops sagax,1935,0.014088917,12S,MV1,NPHF,1,0
MV1.NPHF.BSA.3,3,Sardinops sagax,2144,0.014767162,12S,MV1,NPHF,1,0
MV1.PGTF.1,1,Sardinops sagax,3126,0.018454672,12S,MV1,PGTF,1,0
MV1.PGTF.2,2,Sardinops sagax,2899,0.018811849,12S,MV1,PGTF,1,0
MV1.PGTF.3,3,Sardinops sagax,2370,0.018174986,12S,MV1,PGTF,1,0
MV1.PGTF.TD.1,1,Sardinops sagax,2003,0.011812788,12S,MV1,PGTF,1,1
MV1.PGTF.TD.2,2,Sardinops sagax,1281,0.012024895,12S,MV1,PGTF,1,1
MV1.PGTF.TD.3,3,Sardinops sagax,1883,0.012723747,12S,MV1,PGTF,1,1
MV1.QMMM.1,1,Sardinops sagax,3100,0.02317116,12S,MV1,QMMM,0,0
MV1.QMMM.2,2,Sardinops sagax,3916,0.023332023,12S,MV1,QMMM,0,0
MV1.QMMM.3,3,Sardinops sagax,2428,0.021718518,12S,MV1,QMMM,0,0
MV3.IPSF.1,1,Sardinops sagax,4512,0.020465369,16S,MV3,IPSF,0,0
MV3.IPSF.2,2,Sardinops sagax,716,0.01946816,16S,MV3,IPSF,0,0
MV3.IPSF.3,3,Sardinops sagax,791,0.024251901,16S,MV3,IPSF,0,0
MV3.NPHF.1,1,Sardinops sagax,5573,0.021765025,16S,MV3,NPHF,0,0
MV3.NPHF.2,2,Sardinops sagax,1147,0.018032039,16S,MV3,NPHF,0,0
MV3.NPHF.3,3,Sardinops sagax,1494,0.018474094,16S,MV3,NPHF,0,0
MV3.PGTF.1,1,Sardinops sagax,1768,0.025981278,16S,MV3,PGTF,1,0
MV3.PGTF.2,2,Sardinops sagax,3833,0.02528064,16S,MV3,PGTF,1,0
MV3.PGTF.3,3,Sardinops sagax,1599,0.020701173,16S,MV3,PGTF,1,0
MV3.PGTF.TD.1,1,Sardinops sagax,4106,0.025434228,16S,MV3,PGTF,1,1
MV3.PGTF.TD.2,2,Sardinops sagax,2085,0.022757537,16S,MV3,PGTF,1,1
MV3.PGTF.TD.3,3,Sardinops sagax,2251,0.018935538,16S,MV3,PGTF,1,1
MV3.QMMM.1,1,Sardinops sagax,5662,0.022193652,16S,MV3,QMMM,0,0
MV3.QMMM.2,2,Sardinops sagax,2376,0.02045032,16S,MV3,QMMM,0,0
MV3.QMMM.3,3,Sardinops sagax,2880,0.021520803,16S,MV3,QMMM,0,0
C16.IPSF.1,1,Thaleichthys pacificus,2119,0.070649818,16S,C16,IPSF,0,0
C16.IPSF.2,2,Thaleichthys pacificus,3646,0.075513121,16S,C16,IPSF,0,0
C16.IPSF.3,3,Thaleichthys pacificus,1699,0.067466148,16S,C16,IPSF,0,0
C16.NPHF.1,1,Thaleichthys pacificus,16224,0.105510285,16S,C16,NPHF,0,0
C16.NPHF.2,2,Thaleichthys pacificus,14164,0.104495891,16S,C16,NPHF,0,0
C16.NPHF.3,3,Thaleichthys pacificus,16811,0.10539019,16S,C16,NPHF,0,0
C16.PGTF.1,1,Thaleichthys pacificus,7011,0.108241215,16S,C16,PGTF,1,0
C16.PGTF.2,2,Thaleichthys pacificus,5773,0.11584228,16S,C16,PGTF,1,0
C16.PGTF.3,3,Thaleichthys pacificus,7240,0.110732148,16S,C16,PGTF,1,0
C16.QMMM.1,1,Thaleichthys pacificus,262,0.074580131,16S,C16,QMMM,0,0
C16.QMMM.2,2,Thaleichthys pacificus,142,0.062417582,16S,C16,QMMM,0,0
C16.QMMM.3,3,Thaleichthys pacificus,395,0.079158317,16S,C16,QMMM,0,0
LRY.PGTF.1,1,Thaleichthys pacificus,9082,0.032769968,COI,LRY,PGTF,1,0
LRY.PGTF.2,2,Thaleichthys pacificus,9055,0.032031441,COI,LRY,PGTF,1,0
LRY.PGTF.3,3,Thaleichthys pacificus,9182,0.032144345,COI,LRY,PGTF,1,0
LRY.QMMM.1,1,Thaleichthys pacificus,4001,0.010264923,COI,LRY,QMMM,0,0
LRY.QMMM.2,2,Thaleichthys pacificus,4473,0.011600374,COI,LRY,QMMM,0,0
LRY.QMMM.3,3,Thaleichthys pacificus,2429,0.009865522,COI,LRY,QMMM,0,0
MFU.IPSF.1,1,Thaleichthys pacificus,5948,0.049572863,12S,MFU,IPSF,0,0
MFU.IPSF.2,2,Thaleichthys pacificus,5636,0.047838118,12S,MFU,IPSF,0,0
MFU.IPSF.3,3,Thaleichthys pacificus,5309,0.045746734,12S,MFU,IPSF,0,0
MFU.IPSF.BSA.1,1,Thaleichthys pacificus,11298,0.100347281,12S,MFU,IPSF,1,0
MFU.IPSF.BSA.2,2,Thaleichthys pacificus,11595,0.096424116,12S,MFU,IPSF,1,0
MFU.IPSF.BSA.3,3,Thaleichthys pacificus,9388,0.089624623,12S,MFU,IPSF,1,0
MFU.IPSF.TD.1,1,Thaleichthys pacificus,4789,0.050126127,12S,MFU,IPSF,0,1
MFU.IPSF.TD.2,2,Thaleichthys pacificus,4256,0.053339349,12S,MFU,IPSF,0,1
MFU.IPSF.TD.3,3,Thaleichthys pacificus,3047,0.046560313,12S,MFU,IPSF,0,1
MFU.NPHF.1,1,Thaleichthys pacificus,11012,0.083227523,12S,MFU,NPHF,0,0
MFU.NPHF.2,2,Thaleichthys pacificus,12754,0.080395358,12S,MFU,NPHF,0,0
MFU.NPHF.3,3,Thaleichthys pacificus,12757,0.078451027,12S,MFU,NPHF,0,0
MFU.NPHF.BSA.1,1,Thaleichthys pacificus,14711,0.088290721,12S,MFU,NPHF,1,0
MFU.NPHF.BSA.2,2,Thaleichthys pacificus,12801,0.087226417,12S,MFU,NPHF,1,0
MFU.NPHF.BSA.3,3,Thaleichthys pacificus,9214,0.092625357,12S,MFU,NPHF,1,0
MFU.NPHF.TD.1,1,Thaleichthys pacificus,2405,0.032010755,12S,MFU,NPHF,0,1
MFU.NPHF.TD.2,2,Thaleichthys pacificus,3210,0.033594625,12S,MFU,NPHF,0,1
MFU.NPHF.TD.3,3,Thaleichthys pacificus,4435,0.035028829,12S,MFU,NPHF,0,1
MFU.PGTF.BSA.1,1,Thaleichthys pacificus,6542,0.041198808,12S,MFU,PGTF,1,0
MFU.PGTF.BSA.2,2,Thaleichthys pacificus,6260,0.041585842,12S,MFU,PGTF,1,0
MFU.PGTF.BSA.3,3,Thaleichthys pacificus,8079,0.044600861,12S,MFU,PGTF,1,0
MFU.PGTF.BSA.4,4,Thaleichthys pacificus,10507,0.081705496,12S,MFU,PGTF,1,0
MFU.PGTF.BSA.5,5,Thaleichthys pacificus,7215,0.081033728,12S,MFU,PGTF,1,0
MFU.PGTF.BSA.6,6,Thaleichthys pacificus,6889,0.08088054,12S,MFU,PGTF,1,0
MFU.PGTF.1,1,Thaleichthys pacificus,6762,0.072452588,12S,MFU,PGTF,0,0
MFU.PGTF.2,2,Thaleichthys pacificus,9496,0.08040984,12S,MFU,PGTF,0,0
MFU.PGTF.3,3,Thaleichthys pacificus,8497,0.076641381,12S,MFU,PGTF,0,0
MFU.PGTF.TD.1,1,Thaleichthys pacificus,3413,0.033634894,12S,MFU,PGTF,0,1
MFU.PGTF.TD.2,2,Thaleichthys pacificus,3203,0.027757557,12S,MFU,PGTF,0,1
MFU.PGTF.TD.3,3,Thaleichthys pacificus,1968,0.026550105,12S,MFU,PGTF,0,1
MFU.QMMM.1,1,Thaleichthys pacificus,982,0.006373395,12S,MFU,QMMM,0,0
MFU.QMMM.2,2,Thaleichthys pacificus,703,0.005061487,12S,MFU,QMMM,0,0
MFU.QMMM.3,3,Thaleichthys pacificus,549,0.00505162,12S,MFU,QMMM,0,0
MFU.QMMM.BSA.1,1,Thaleichthys pacificus,51830,0.110225704,12S,MFU,QMMM,1,0
MFU.QMMM.BSA.2,2,Thaleichthys pacificus,49899,0.111963507,12S,MFU,QMMM,1,0
MFU.QMMM.BSA.3,3,Thaleichthys pacificus,55282,0.109697826,12S,MFU,QMMM,1,0
MFU.QMMM.BSA.4,4,Thaleichthys pacificus,10095,0.089460578,12S,MFU,QMMM,1,0
MFU.QMMM.BSA.5,5,Thaleichthys pacificus,9517,0.086799095,12S,MFU,QMMM,1,0
MFU.QMMM.BSA.6,6,Thaleichthys pacificus,11096,0.0920135,12S,MFU,QMMM,1,0
MFU.QMMM.TD.1,1,Thaleichthys pacificus,955,0.005986035,12S,MFU,QMMM,0,1
MFU.QMMM.TD.2,2,Thaleichthys pacificus,783,0.006347636,12S,MFU,QMMM,0,1
MFU.QMMM.TD.3,3,Thaleichthys pacificus,716,0.005949957,12S,MFU,QMMM,0,1
MV1.IPSF.1,1,Thaleichthys pacificus,15864,0.106411951,12S,MV1,IPSF,0,0
MV1.IPSF.2,2,Thaleichthys pacificus,13668,0.100307498,12S,MV1,IPSF,0,0
MV1.IPSF.3,3,Thaleichthys pacificus,8387,0.101335105,12S,MV1,IPSF,0,0
MV1.NPHF.1,1,Thaleichthys pacificus,13841,0.088016839,12S,MV1,NPHF,0,0
MV1.NPHF.2,2,Thaleichthys pacificus,13660,0.092177715,12S,MV1,NPHF,0,0
MV1.NPHF.3,3,Thaleichthys pacificus,6770,0.088126944,12S,MV1,NPHF,0,0
MV1.NPHF.BSA.1,1,Thaleichthys pacificus,15760,0.092593137,12S,MV1,NPHF,1,0
MV1.NPHF.BSA.2,2,Thaleichthys pacificus,13433,0.097806935,12S,MV1,NPHF,1,0
MV1.NPHF.BSA.3,3,Thaleichthys pacificus,13883,0.095621509,12S,MV1,NPHF,1,0
MV1.PGTF.1,1,Thaleichthys pacificus,14569,0.086009635,12S,MV1,PGTF,1,0
MV1.PGTF.2,2,Thaleichthys pacificus,13586,0.08816067,12S,MV1,PGTF,1,0
MV1.PGTF.3,3,Thaleichthys pacificus,10904,0.083620273,12S,MV1,PGTF,1,0
MV1.PGTF.TD.1,1,Thaleichthys pacificus,10925,0.06443071,12S,MV1,PGTF,1,1
MV1.PGTF.TD.2,2,Thaleichthys pacificus,6396,0.060039989,12S,MV1,PGTF,1,1
MV1.PGTF.TD.3,3,Thaleichthys pacificus,10294,0.069558284,12S,MV1,PGTF,1,1
MV1.QMMM.1,1,Thaleichthys pacificus,14515,0.108493351,12S,MV1,QMMM,0,0
MV1.QMMM.2,2,Thaleichthys pacificus,16705,0.0995305,12S,MV1,QMMM,0,0
MV1.QMMM.3,3,Thaleichthys pacificus,11804,0.105587062,12S,MV1,QMMM,0,0
MV3.IPSF.1,1,Thaleichthys pacificus,18715,0.084886833,16S,MV3,IPSF,0,0
MV3.IPSF.2,2,Thaleichthys pacificus,3095,0.08415357,16S,MV3,IPSF,0,0
MV3.IPSF.3,3,Thaleichthys pacificus,3309,0.101453274,16S,MV3,IPSF,0,0
MV3.NPHF.1,1,Thaleichthys pacificus,26395,0.103084127,16S,MV3,NPHF,0,0
MV3.NPHF.2,2,Thaleichthys pacificus,6669,0.104843654,16S,MV3,NPHF,0,0
MV3.NPHF.3,3,Thaleichthys pacificus,7989,0.098788179,16S,MV3,NPHF,0,0
MV3.PGTF.1,1,Thaleichthys pacificus,6274,0.092198269,16S,MV3,PGTF,1,0
MV3.PGTF.2,2,Thaleichthys pacificus,13395,0.08834703,16S,MV3,PGTF,1,0
MV3.PGTF.3,3,Thaleichthys pacificus,6760,0.087517154,16S,MV3,PGTF,1,0
MV3.PGTF.TD.1,1,Thaleichthys pacificus,19331,0.119744047,16S,MV3,PGTF,1,1
MV3.PGTF.TD.2,2,Thaleichthys pacificus,9986,0.108996049,16S,MV3,PGTF,1,1
MV3.PGTF.TD.3,3,Thaleichthys pacificus,13708,0.115312466,16S,MV3,PGTF,1,1
MV3.QMMM.1,1,Thaleichthys pacificus,19038,0.074624292,16S,MV3,QMMM,0,0
MV3.QMMM.2,2,Thaleichthys pacificus,8888,0.076499346,16S,MV3,QMMM,0,0
MV3.QMMM.3,3,Thaleichthys pacificus,10187,0.07612237,16S,MV3,QMMM,0,0
C16.IPSF.1,1,Trachurus symmetricus,2130,0.071016571,16S,C16,IPSF,0,0
C16.IPSF.2,2,Trachurus symmetricus,3738,0.077418553,16S,C16,IPSF,0,0
C16.IPSF.3,3,Trachurus symmetricus,1865,0.074057896,16S,C16,IPSF,0,0
C16.NPHF.1,1,Trachurus symmetricus,13563,0.088204881,16S,C16,NPHF,0,0
C16.NPHF.2,2,Trachurus symmetricus,11200,0.082628775,16S,C16,NPHF,0,0
C16.NPHF.3,3,Trachurus symmetricus,13296,0.08335423,16S,C16,NPHF,0,0
C16.PGTF.1,1,Trachurus symmetricus,5082,0.078459828,16S,C16,PGTF,1,0
C16.PGTF.2,2,Trachurus symmetricus,3692,0.074084479,16S,C16,PGTF,1,0
C16.PGTF.3,3,Trachurus symmetricus,5359,0.081963201,16S,C16,PGTF,1,0
C16.QMMM.1,1,Trachurus symmetricus,165,0.046968403,16S,C16,QMMM,0,0
C16.QMMM.2,2,Trachurus symmetricus,147,0.064615385,16S,C16,QMMM,0,0
C16.QMMM.3,3,Trachurus symmetricus,411,0.082364729,16S,C16,QMMM,0,0
LRY.PGTF.1,1,Trachurus symmetricus,28388,0.102430505,COI,LRY,PGTF,1,0
LRY.PGTF.2,2,Trachurus symmetricus,28985,0.102532447,COI,LRY,PGTF,1,0
LRY.PGTF.3,3,Trachurus symmetricus,25937,0.090800248,COI,LRY,PGTF,1,0
LRY.QMMM.1,1,Trachurus symmetricus,28112,0.072123846,COI,LRY,QMMM,0,0
LRY.QMMM.2,2,Trachurus symmetricus,23982,0.062195435,COI,LRY,QMMM,0,0
LRY.QMMM.3,3,Trachurus symmetricus,16567,0.067287814,COI,LRY,QMMM,0,0
MFU.IPSF.1,1,Trachurus symmetricus,11359,0.094670167,12S,MFU,IPSF,0,0
MFU.IPSF.2,2,Trachurus symmetricus,11226,0.095285789,12S,MFU,IPSF,0,0
MFU.IPSF.3,3,Trachurus symmetricus,10820,0.093234067,12S,MFU,IPSF,0,0
MFU.IPSF.BSA.1,1,Trachurus symmetricus,10139,0.090053202,12S,MFU,IPSF,1,0
MFU.IPSF.BSA.2,2,Trachurus symmetricus,9864,0.082029106,12S,MFU,IPSF,1,0
MFU.IPSF.BSA.3,3,Trachurus symmetricus,9451,0.090226066,12S,MFU,IPSF,1,0
MFU.IPSF.TD.1,1,Trachurus symmetricus,7362,0.077057537,12S,MFU,IPSF,0,1
MFU.IPSF.TD.2,2,Trachurus symmetricus,6645,0.083280069,12S,MFU,IPSF,0,1
MFU.IPSF.TD.3,3,Trachurus symmetricus,4844,0.074019743,12S,MFU,IPSF,0,1
MFU.NPHF.1,1,Trachurus symmetricus,13241,0.100074067,12S,MFU,NPHF,0,0
MFU.NPHF.2,2,Trachurus symmetricus,15582,0.098221771,12S,MFU,NPHF,0,0
MFU.NPHF.3,3,Trachurus symmetricus,15543,0.09558394,12S,MFU,NPHF,0,0
MFU.NPHF.BSA.1,1,Trachurus symmetricus,15704,0.09425039,12S,MFU,NPHF,1,0
MFU.NPHF.BSA.2,2,Trachurus symmetricus,13310,0.090694759,12S,MFU,NPHF,1,0
MFU.NPHF.BSA.3,3,Trachurus symmetricus,9712,0.09763159,12S,MFU,NPHF,1,0
MFU.NPHF.TD.1,1,Trachurus symmetricus,6095,0.081124968,12S,MFU,NPHF,0,1
MFU.NPHF.TD.2,2,Trachurus symmetricus,8720,0.091260165,12S,MFU,NPHF,0,1
MFU.NPHF.TD.3,3,Trachurus symmetricus,10454,0.082568517,12S,MFU,NPHF,0,1
MFU.PGTF.BSA.1,1,Trachurus symmetricus,15801,0.099508159,12S,MFU,PGTF,1,0
MFU.PGTF.BSA.2,2,Trachurus symmetricus,14379,0.095521218,12S,MFU,PGTF,1,0
MFU.PGTF.BSA.3,3,Trachurus symmetricus,17314,0.095583527,12S,MFU,PGTF,1,0
MFU.PGTF.BSA.4,4,Trachurus symmetricus,10743,0.083540701,12S,MFU,PGTF,1,0
MFU.PGTF.BSA.5,5,Trachurus symmetricus,7236,0.081269585,12S,MFU,PGTF,1,0
MFU.PGTF.BSA.6,6,Trachurus symmetricus,7167,0.084144409,12S,MFU,PGTF,1,0
MFU.PGTF.1,1,Trachurus symmetricus,7708,0.082588664,12S,MFU,PGTF,0,0
MFU.PGTF.2,2,Trachurus symmetricus,10024,0.084880816,12S,MFU,PGTF,0,0
MFU.PGTF.3,3,Trachurus symmetricus,8831,0.079654,12S,MFU,PGTF,0,0
MFU.PGTF.TD.1,1,Trachurus symmetricus,9862,0.097189372,12S,MFU,PGTF,0,1
MFU.PGTF.TD.2,2,Trachurus symmetricus,10304,0.089295618,12S,MFU,PGTF,0,1
MFU.PGTF.TD.3,3,Trachurus symmetricus,6525,0.088028169,12S,MFU,PGTF,0,1
MFU.QMMM.1,1,Trachurus symmetricus,15917,0.10330482,12S,MFU,QMMM,0,0
MFU.QMMM.2,2,Trachurus symmetricus,13580,0.09777381,12S,MFU,QMMM,0,0
MFU.QMMM.3,3,Trachurus symmetricus,10872,0.100038646,12S,MFU,QMMM,0,0
MFU.QMMM.BSA.1,1,Trachurus symmetricus,40900,0.086981117,12S,MFU,QMMM,1,0
MFU.QMMM.BSA.2,2,Trachurus symmetricus,37588,0.084340053,12S,MFU,QMMM,1,0
MFU.QMMM.BSA.3,3,Trachurus symmetricus,42390,0.084115821,12S,MFU,QMMM,1,0
MFU.QMMM.BSA.4,4,Trachurus symmetricus,9922,0.087927474,12S,MFU,QMMM,1,0
MFU.QMMM.BSA.5,5,Trachurus symmetricus,9295,0.084774361,12S,MFU,QMMM,1,0
MFU.QMMM.BSA.6,6,Trachurus symmetricus,10113,0.08386198,12S,MFU,QMMM,1,0
MFU.QMMM.TD.1,1,Trachurus symmetricus,14711,0.092210006,12S,MFU,QMMM,0,1
MFU.QMMM.TD.2,2,Trachurus symmetricus,11823,0.095846878,12S,MFU,QMMM,0,1
MFU.QMMM.TD.3,3,Trachurus symmetricus,11202,0.093088576,12S,MFU,QMMM,0,1
MV1.IPSF.1,1,Trachurus symmetricus,12200,0.081834707,12S,MV1,IPSF,0,0
MV1.IPSF.2,2,Trachurus symmetricus,10147,0.074467382,12S,MV1,IPSF,0,0
MV1.IPSF.3,3,Trachurus symmetricus,6356,0.076795747,12S,MV1,IPSF,0,0
MV1.NPHF.1,1,Trachurus symmetricus,13617,0.086592392,12S,MV1,NPHF,0,0
MV1.NPHF.2,2,Trachurus symmetricus,13132,0.08861477,12S,MV1,NPHF,0,0
MV1.NPHF.3,3,Trachurus symmetricus,7006,0.091199021,12S,MV1,NPHF,0,0
MV1.NPHF.BSA.1,1,Trachurus symmetricus,15039,0.088357118,12S,MV1,NPHF,1,0
MV1.NPHF.BSA.2,2,Trachurus symmetricus,12192,0.088771097,12S,MV1,NPHF,1,0
MV1.NPHF.BSA.3,3,Trachurus symmetricus,12779,0.088017522,12S,MV1,NPHF,1,0
MV1.PGTF.1,1,Trachurus symmetricus,13733,0.08107422,12S,MV1,PGTF,1,0
MV1.PGTF.2,2,Trachurus symmetricus,12351,0.080146653,12S,MV1,PGTF,1,0
MV1.PGTF.3,3,Trachurus symmetricus,9670,0.07415701,12S,MV1,PGTF,1,0
MV1.PGTF.TD.1,1,Trachurus symmetricus,11673,0.068842075,12S,MV1,PGTF,1,1
MV1.PGTF.TD.2,2,Trachurus symmetricus,7086,0.066517099,12S,MV1,PGTF,1,1
MV1.PGTF.TD.3,3,Trachurus symmetricus,11080,0.074869418,12S,MV1,PGTF,1,1
MV1.QMMM.1,1,Trachurus symmetricus,11074,0.082773364,12S,MV1,QMMM,0,0
MV1.QMMM.2,2,Trachurus symmetricus,13640,0.081268843,12S,MV1,QMMM,0,0
MV1.QMMM.3,3,Trachurus symmetricus,8348,0.074673059,12S,MV1,QMMM,0,0
MV3.IPSF.1,1,Trachurus symmetricus,15129,0.068621581,16S,MV3,IPSF,0,0
MV3.IPSF.2,2,Trachurus symmetricus,2398,0.065202023,16S,MV3,IPSF,0,0
MV3.IPSF.3,3,Trachurus symmetricus,2239,0.06864729,16S,MV3,IPSF,0,0
MV3.NPHF.1,1,Trachurus symmetricus,22495,0.087852905,16S,MV3,NPHF,0,0
MV3.NPHF.2,2,Trachurus symmetricus,5221,0.08207958,16S,MV3,NPHF,0,0
MV3.NPHF.3,3,Trachurus symmetricus,5825,0.072029183,16S,MV3,NPHF,0,0
MV3.PGTF.1,1,Trachurus symmetricus,3937,0.057855369,16S,MV3,PGTF,1,0
MV3.PGTF.2,2,Trachurus symmetricus,8607,0.056767666,16S,MV3,PGTF,1,0
MV3.PGTF.3,3,Trachurus symmetricus,4213,0.054542865,16S,MV3,PGTF,1,0
MV3.PGTF.TD.1,1,Trachurus symmetricus,7774,0.048155306,16S,MV3,PGTF,1,1
MV3.PGTF.TD.2,2,Trachurus symmetricus,3951,0.043124713,16S,MV3,PGTF,1,1
MV3.PGTF.TD.3,3,Trachurus symmetricus,5759,0.048445031,16S,MV3,PGTF,1,1
MV3.QMMM.1,1,Trachurus symmetricus,12998,0.050948973,16S,MV3,QMMM,0,0
MV3.QMMM.2,2,Trachurus symmetricus,5869,0.050514701,16S,MV3,QMMM,0,0
MV3.QMMM.3,3,Trachurus symmetricus,7103,0.053077176,16S,MV3,QMMM,0,0
