"BestTaxon_Haplotype","Class","MV1-OCNMS-2022-17-d10-1_S79","MV1-OCNMS-2022-6-d1-1_S68","MV1-OCNMS-2022-10-d10-1_S72","MV1-OCNMS-2022-11-d10-1_S73","MV1-OCNMS-2022-22-d10-1_S84","MV1-OCNMS-2022-3-d10-1_S65","MV1-OCNMS-2022-8-d10-1_S70","MV1-OCNMS-2022-9-d10-1_S71","MV1-OCNMS-2022-2-d10-1_S64","MV1-CPS-mock2-even-d1-3_S49","MV1-CPS-mock3-even-d1-1_S50","MV1-CPS-mock3-even-d1-2_S51","MV1-CPS-mock3-even-d1-3_S52","MV1-CPS-mock3-skew-d1-1_S58","MV1-CPS-mock3-skew-d1-2_S59","MV1-CPS-mock3-skew-d1-3_S60","MV1-OCNMS-2022-15-d10-1_S77","MV1-OCNMS-2022-19-d10-1_S81","MV1-OCNMS-2022-21-d10-1_S83","MV1-OCNMS-2022-23-d10-1_S85","MV1-OCNMS-2022-7-d10-1_S69","MV1-OCNMS-2022-16-d1-1_S78","MV1-CPS-mock2-even-d1-1_S47","MV1-OCNMS-2022-20-d10-1_S82","MV1-CPS-mock4-even-d1-3_S123","MV1-CPS-mock4-even-d1-1_S121","MV1-CPS-mock4-even-d1-2_S122","MV1-CPS-mock4-skew-d1-1_S124","MV1-CPS-mock4-skew-d1-2_S125","MV1-CPS-mock4-skew-d1-3_S126","MV1-OCNMS-2022-4-d1-1_S66","MV1-OCNMS-2022-12-d10-1_S74","MV1-OCNMS-2022-14-d10-1_S76","MV1-OCNMS-2022-5-d10-1_S67","MV1-CPS-mock2-even-d1-2_S48","MV1-OCNMS-2022-18-d10-1_S80","MV1-OCNMS-2022-13-d1-1_S75","MV1-CPS-mock2-skew-d1-3_S57","MV1-CPS-mock2-skew-d1-1_S55","MV1-CPS-mock2-skew-d1-2_S56","MV1-OCNMS-2022-EB-d1-1_S86","MV1-NTC-d1-2_S53","MV1-pos-control-d1-2_S54","MV1-pos-control-d1-1_S62","MV1-OCNMS-2022-1-d100-1_S63"
"Alepisaurus ferox_1","Actinopteri",196,0,0,0,0,0,0,0,0,0,0,0,0,0,0,0,0,0,0,0,0,0,0,0,0,0,0,0,0,0,0,0,0,0,0,0,0,0,0,0,0,0,0,0,0
"Allosmerus elongatus_2","Actinopteri",0,213,0,0,0,0,0,0,0,0,0,0,0,0,0,0,0,0,0,0,0,0,0,0,0,0,0,0,0,0,0,0,0,0,0,0,0,0,0,0,0,0,0,0,0
"Allosmerus elongatus_3","Actinopteri",0,413,325,28,92,152,143,29,0,0,0,0,0,0,0,0,0,0,0,0,0,0,0,0,0,0,0,0,0,0,0,0,0,0,0,0,0,0,0,0,0,0,0,0,0
"Allosmerus elongatus_4","Actinopteri",0,0,212,36,0,118,0,0,286,0,0,0,0,0,0,0,0,0,0,0,0,0,0,0,0,0,0,0,0,0,0,0,0,0,0,0,0,0,0,0,0,0,0,0,0
"Allosmerus elongatus_7","Actinopteri",0,0,0,0,0,52,0,0,0,0,0,0,0,0,0,0,0,0,0,0,0,0,0,0,0,0,0,0,0,0,0,0,0,0,0,0,0,0,0,0,0,0,0,0,0
"Allosmerus elongatus_8","Actinopteri",0,0,0,0,0,0,0,0,156,0,0,0,0,0,0,0,0,0,0,0,0,0,0,0,0,0,0,0,0,0,0,0,0,0,0,0,0,0,0,0,0,0,0,0,0
"Alosa_1","Actinopteri",0,0,0,0,0,0,0,0,0,3,2803,2816,2146,2601,1546,2117,0,0,0,0,0,0,0,0,0,0,0,0,0,0,0,0,0,0,0,0,0,0,0,0,0,0,0,0,0
"Ammodytidae_1","Actinopteri",0,0,0,0,103,0,0,0,0,0,0,0,0,0,0,0,99,331,0,0,0,0,0,0,0,0,0,0,0,0,0,0,0,0,0,0,0,0,0,0,0,0,0,0,0
"Anarrhichthys ocellatus_1","Actinopteri",480,0,0,0,0,0,0,0,502,0,0,0,0,0,0,0,0,0,135,366,352,0,0,0,0,0,0,0,0,0,0,0,0,0,0,0,0,0,0,0,0,0,0,0,0
"Anoplarchus_1","Actinopteri",0,0,0,0,97,0,0,0,0,0,0,0,0,0,0,0,301,0,0,0,114,0,0,0,0,0,0,0,0,0,0,0,0,0,0,0,0,0,0,0,0,0,0,0,0
"Anoplarchus_2","Actinopteri",0,0,0,0,0,0,0,0,0,0,0,0,0,0,0,0,0,0,0,0,0,108,0,0,0,0,0,0,0,0,0,0,0,0,0,0,0,0,0,0,0,0,0,0,0
"Anoplopoma fimbria_1","Actinopteri",0,0,0,0,0,0,0,0,0,0,1008,1047,709,1191,749,1049,0,0,0,0,0,0,7,0,0,0,0,0,0,0,0,0,0,0,0,0,0,0,0,0,0,0,0,0,0
"Apodichthys flavidus_1","Actinopteri",439,0,0,0,129,0,0,0,0,0,0,0,0,0,0,0,193,0,0,0,0,0,0,177,0,0,0,0,0,0,0,0,0,0,0,0,0,0,0,0,0,0,0,0,0
"Apodichthys flavidus_2","Actinopteri",0,0,0,0,0,0,0,0,0,0,0,0,0,0,0,0,0,0,0,0,0,122,0,60,0,0,0,0,0,0,0,0,0,0,0,0,0,0,0,0,0,0,0,0,0
"Apristurus brunneus_1","Chondrichthyes",0,0,0,0,0,0,0,0,0,0,0,0,0,0,0,0,0,0,0,0,0,0,0,0,2,0,0,0,0,0,0,0,0,0,0,0,0,0,0,0,0,0,0,0,0
"Artedius fenestralis_1","Actinopteri",0,0,925,0,0,0,0,21,0,0,0,0,0,0,0,0,0,0,0,0,288,0,0,0,1727,2588,3409,835,873,2177,371,0,0,0,0,0,0,0,0,0,0,0,0,0,0
"Artedius fenestralis_2","Actinopteri",0,0,0,0,0,0,0,0,0,0,0,0,0,0,0,0,0,0,0,0,0,0,0,0,3957,5932,7687,9296,10444,26999,0,0,0,0,0,0,0,0,0,0,0,0,0,0,0
"Artedius harringtoni_1","Actinopteri",0,0,740,0,0,352,1481,0,3323,0,0,0,0,0,0,0,1230,0,675,1094,650,981,0,0,6674,9989,13077,25675,25573,65751,307,679,752,25,0,0,0,0,0,0,0,0,0,0,0
"Artedius harringtoni_2","Actinopteri",0,0,0,0,0,0,0,0,0,0,0,0,0,0,0,0,0,0,0,0,0,0,0,0,0,0,0,0,0,0,0,263,0,0,0,0,0,0,0,0,0,0,0,0,0
"Ascelichthys rhodorus_1","Actinopteri",486,0,670,0,0,219,0,57,433,0,0,0,0,0,0,0,0,0,0,0,0,0,0,0,0,0,0,0,0,0,120,0,0,0,0,0,0,0,0,0,0,0,0,0,0
"Atheresthes_1","Actinopteri",0,0,0,0,0,0,0,0,0,0,0,4,0,0,0,0,0,0,0,0,0,0,0,0,3,0,0,0,0,11,0,0,0,0,0,0,0,0,0,0,0,0,0,0,0
"Aulorhynchus flavidus_1","Actinopteri",0,0,0,0,0,0,0,0,0,0,0,0,0,0,0,0,0,0,118,0,0,0,0,324,0,0,0,0,0,0,0,0,0,0,0,0,0,0,0,0,0,0,0,0,0
"Bathyraja trachura_1","Chondrichthyes",0,0,0,0,0,0,0,0,0,3,0,0,0,0,0,0,0,0,0,0,0,0,0,0,0,0,0,0,0,0,0,0,0,0,4,0,0,0,0,0,0,0,0,0,0
"Bathyraja_1","Chondrichthyes",0,0,0,0,0,0,0,0,0,0,4,0,0,4,0,0,0,0,0,0,0,0,0,0,0,0,0,0,0,0,0,0,0,0,0,0,0,0,0,0,0,0,0,0,0
"Blepsias cirrhosus_1","Actinopteri",0,0,0,0,0,0,0,0,0,0,78,122,77,80,59,53,0,0,0,0,0,0,0,0,0,0,0,0,0,0,0,0,0,0,0,0,0,0,0,0,0,0,0,0,0
"Bos taurus_1","Mammalia",0,0,327,0,0,683,0,0,269,0,0,0,0,0,0,0,0,287,0,0,0,3688,0,98,0,0,0,0,0,0,110,0,0,0,0,304,0,0,0,0,0,0,0,0,0
"Bos taurus_4","Mammalia",0,0,0,0,0,0,0,0,0,0,0,0,0,0,0,0,0,0,0,0,0,83,0,0,0,0,0,0,0,0,0,0,0,0,0,0,0,0,0,0,0,0,0,0,0
"Brachyistius frenatus_1","Actinopteri",0,0,0,0,0,0,0,0,0,0,0,0,0,0,0,0,0,0,0,0,0,0,0,105,0,0,0,0,0,0,0,0,94,0,0,0,0,0,0,0,0,0,0,0,0
"Brosmophycis marginata_1","Actinopteri",0,0,0,0,0,0,0,0,0,0,0,0,0,0,0,0,0,0,0,0,0,0,0,0,0,0,0,0,0,4,0,0,0,0,0,0,0,0,0,0,0,0,0,0,0
"Canis lupus_1","Mammalia",0,0,0,0,0,246,0,0,0,0,0,0,0,0,0,0,0,0,0,0,0,0,0,0,0,0,0,0,0,0,0,0,0,0,0,0,0,0,0,0,0,0,0,0,0
"Canis lupus_2","Mammalia",0,0,0,0,0,68,0,0,0,0,0,0,0,0,0,0,0,0,0,0,0,0,0,0,0,0,0,0,0,0,0,0,0,0,0,0,0,0,0,0,0,0,0,0,0
"Canis lupus_3","Mammalia",0,0,0,0,0,0,0,0,0,0,0,0,0,0,0,0,0,0,0,0,0,65,0,0,0,0,0,0,0,0,0,0,0,0,0,0,49,0,0,0,0,0,0,0,0
"Caulolatilus princeps_1","Actinopteri",0,0,0,0,0,0,0,0,0,0,0,0,0,0,0,0,0,0,0,0,0,0,0,0,0,0,0,0,0,0,0,0,0,0,3,0,0,2,0,0,0,0,0,0,0
"Chitonotus pugetensis_1","Actinopteri",0,0,0,0,0,0,0,0,0,0,0,0,0,0,0,0,0,0,0,0,0,0,0,0,5331,8340,11355,12439,13965,35270,0,0,0,0,0,0,0,0,0,0,0,0,0,0,0
"Citharichthys sordidus_9","Actinopteri",230,0,0,0,0,0,0,0,0,10443,5,11,7,21,7,11,0,221,0,0,0,0,20473,0,2,0,0,6,5,4,0,0,0,0,11454,0,0,9842,25899,7681,0,0,0,0,0
"Citharichthys stigmaeus_1","Actinopteri",0,0,0,0,0,0,0,0,0,0,9776,9229,6795,12906,8077,10146,0,0,0,0,0,0,0,0,0,0,0,0,0,0,0,0,117,0,0,0,0,0,0,0,0,0,0,0,0
"Citharichthys stigmaeus_3","Actinopteri",0,0,0,0,0,0,0,0,0,0,0,0,0,0,0,0,0,0,0,169,0,0,0,0,0,0,0,0,0,0,0,0,0,0,0,0,0,0,0,0,0,0,0,0,0
"Citharichthys_1","Actinopteri",0,0,0,0,0,0,0,0,0,0,0,0,0,14,0,0,0,0,0,0,0,0,0,0,0,0,0,0,0,0,0,0,0,0,0,0,0,0,0,0,0,0,0,0,0
"Clinocottus globiceps_1","Actinopteri",0,0,0,44,0,0,0,0,0,0,0,0,0,0,0,0,0,0,0,0,0,0,0,0,0,0,0,0,0,0,0,0,0,0,0,0,0,0,0,0,0,0,0,0,0
"Clupea pallasii_11","Actinopteri",398,0,0,0,136,0,0,0,0,0,0,0,0,0,0,0,178,0,133,159,0,248,0,434,0,0,0,0,0,0,0,0,688,0,0,0,0,0,0,0,0,0,0,0,0
"Clupea pallasii_14","Actinopteri",0,0,0,0,112,0,0,0,0,0,0,0,0,0,0,0,0,0,0,0,0,0,0,0,0,0,0,0,0,0,0,0,107,0,0,0,0,0,0,0,0,0,0,0,0
"Clupea pallasii_15","Actinopteri",16018,0,359,48,14627,521,0,0,1634,2848,0,0,0,0,0,0,18566,29783,9228,2492,0,7665,5288,23215,381,595,797,251,244,731,0,0,22327,0,3153,16684,0,527,1317,364,0,0,0,0,0
"Clupea pallasii_17","Actinopteri",0,0,0,0,462,0,0,0,0,0,0,0,0,0,0,0,310,354,63,0,0,133,0,639,0,0,0,0,0,0,0,0,193,0,0,1012,0,0,0,0,0,0,0,0,0
"Clupea pallasii_18","Actinopteri",404,0,0,0,0,0,0,0,0,0,0,0,0,0,0,0,184,0,14538,0,0,167,0,221,0,0,0,0,0,0,0,0,0,0,0,0,0,0,0,0,0,0,0,0,0
"Clupea pallasii_19","Actinopteri",0,0,0,0,0,0,0,0,0,0,0,0,0,0,0,0,0,0,0,0,0,0,0,527,0,0,0,0,0,0,0,0,0,0,0,0,0,0,0,0,0,0,0,0,0
"Clupea pallasii_20","Actinopteri",0,0,0,0,0,0,0,0,0,0,0,0,0,0,0,0,0,0,0,0,0,0,0,2727,0,0,0,0,0,0,0,0,0,0,0,0,0,0,0,0,0,0,0,0,0
"Clupea pallasii_21","Actinopteri",0,0,0,0,0,0,0,0,0,0,0,0,0,0,0,0,0,0,0,0,0,0,0,0,0,0,0,0,0,0,0,0,109,0,0,0,0,0,0,0,0,0,0,0,0
"Clupea pallasii_22","Actinopteri",0,0,0,0,0,0,0,0,0,0,0,0,0,0,0,0,0,0,0,0,0,69,0,0,0,0,0,0,0,0,0,0,0,0,0,0,0,0,0,0,0,0,0,0,0
"Clupea pallasii_23","Actinopteri",0,0,0,0,0,0,0,0,0,0,0,0,0,0,0,0,0,0,0,0,0,0,0,224,0,0,0,0,0,0,0,0,0,0,0,0,0,0,0,0,0,0,0,0,0
"Clupea pallasii_24","Actinopteri",0,0,0,0,0,0,0,0,0,0,0,0,0,0,0,0,0,246,0,0,0,74,0,121,0,0,0,0,0,0,0,0,0,0,0,0,0,0,0,0,0,0,0,0,0
"Clupea pallasii_25","Actinopteri",341,0,0,0,0,0,0,0,0,0,0,0,0,0,0,0,0,0,0,0,0,0,0,0,0,0,0,0,0,0,0,0,192,0,0,0,0,0,0,0,0,0,0,0,0
"Clupea pallasii_26","Actinopteri",0,0,0,0,0,0,0,0,0,0,0,0,0,0,0,0,90,0,0,0,0,0,0,0,0,0,0,0,0,0,0,0,0,0,0,0,0,0,0,0,0,0,0,0,0
"Clupea pallasii_27","Actinopteri",0,0,0,0,0,0,0,0,0,0,0,0,0,0,0,0,0,0,0,0,0,0,0,0,0,0,0,0,0,0,0,0,45,0,0,0,0,0,0,0,0,0,0,0,0
"Clupea pallasii_28","Actinopteri",0,0,0,0,0,0,0,0,0,0,0,0,0,0,0,0,0,0,0,0,0,0,0,0,0,0,0,0,0,0,0,0,99,0,0,0,0,0,0,0,0,0,0,0,0
"Clupea pallasii_29","Actinopteri",0,0,0,0,0,0,0,0,0,0,0,0,0,0,0,0,0,0,51,0,0,0,0,113,0,0,0,0,0,0,0,0,0,0,0,0,0,0,0,0,0,0,0,0,0
"Clupea pallasii_30","Actinopteri",0,0,0,0,0,0,0,0,0,0,0,0,0,0,0,0,0,0,0,0,0,147,0,0,0,0,0,0,0,0,0,0,0,0,0,0,0,0,0,0,0,0,0,0,0
"Clupea pallasii_31","Actinopteri",0,0,0,0,0,0,0,0,0,0,0,0,0,0,0,0,0,0,0,0,0,0,0,82,0,0,0,0,0,0,0,0,0,0,0,0,0,0,0,0,0,0,0,0,0
"Clupea pallasii_32","Actinopteri",0,0,0,0,0,0,0,0,0,0,0,0,0,0,0,0,0,233,0,0,0,0,0,0,0,0,0,0,0,0,0,0,0,0,0,0,0,0,0,0,0,0,0,0,0
"Clupea pallasii_6","Actinopteri",0,0,0,0,0,0,0,0,0,0,0,0,0,0,0,0,1073,0,0,0,0,0,0,106,0,0,0,0,0,0,0,0,0,0,0,0,0,0,0,0,0,0,0,0,0
"Clupea_3","Actinopteri",0,0,0,0,0,0,0,0,0,0,0,0,0,0,0,0,93,0,99,0,0,157,0,140,0,0,0,0,0,0,0,0,107,0,0,742,0,0,0,0,0,0,0,0,0
"Clupeidae_3","Actinopteri",0,0,0,0,0,0,0,0,0,0,0,0,0,0,0,0,0,0,0,0,0,0,0,0,0,0,0,0,0,0,46,0,0,0,0,0,0,0,0,0,0,0,0,0,0
"Clupeidae_4","Actinopteri",0,0,0,0,80,0,0,0,0,0,0,0,0,0,0,0,0,0,0,0,0,156,0,197,0,0,0,0,0,0,0,0,0,0,0,0,0,0,0,0,0,0,0,0,0
"Clupeidae_5","Actinopteri",0,0,0,0,0,0,0,0,0,0,0,0,0,0,0,0,0,0,64,0,0,0,0,0,0,0,0,0,0,0,0,0,0,0,0,0,0,0,0,0,0,0,0,0,0
"Clupeidae_6","Actinopteri",0,0,0,0,0,0,0,0,0,0,0,0,0,0,0,0,0,0,0,0,0,0,0,127,0,0,0,0,0,0,0,0,0,0,0,0,0,0,0,0,0,0,0,0,0
"Cottidae_1","Actinopteri",0,0,0,0,0,0,0,0,0,5691,0,0,0,0,0,0,0,0,0,0,0,0,9660,0,1239,1856,2622,2305,2625,7358,0,0,0,0,6286,0,0,10784,29414,7872,0,0,0,0,0
"Cymatogaster aggregata_1","Actinopteri",0,0,0,0,0,0,0,0,0,0,0,0,0,0,0,0,0,0,0,0,0,0,0,0,4053,6775,9030,3613,3477,9912,0,0,0,4,0,0,0,0,0,0,0,0,0,0,0
"Delphinidae_1","Mammalia",0,0,0,0,0,0,0,0,0,0,0,0,0,0,0,0,0,0,0,0,0,0,0,0,0,0,0,6,8,8,0,0,0,0,0,0,0,0,0,0,0,0,0,0,0
"Delphinidae_2","Mammalia",0,0,0,0,0,0,0,0,0,0,0,0,0,0,0,0,0,0,0,0,0,0,0,0,16,23,45,101,67,295,0,0,0,0,0,0,0,0,0,0,0,0,0,0,0
"Delphinidae_3","Mammalia",0,0,0,0,0,0,0,0,0,0,0,0,0,0,0,0,0,0,0,0,0,0,0,0,22,40,79,128,114,361,0,0,0,0,0,0,0,0,0,0,0,0,0,0,0
"Delphinidae_4","Mammalia",0,0,0,0,0,0,0,0,0,0,0,0,0,0,0,0,0,0,0,0,0,0,0,0,0,47,62,131,136,326,0,0,0,0,0,0,0,0,0,0,0,0,0,0,0
"Delphinidae_5","Mammalia",0,0,0,0,0,0,0,0,0,0,0,0,0,0,0,0,0,0,0,0,0,0,0,0,0,0,0,272,239,616,0,0,0,0,0,0,0,0,0,0,0,0,0,0,0
"Diaphus theta_15","Actinopteri",0,0,0,0,0,0,0,0,0,0,0,0,0,0,0,0,0,0,0,0,0,0,0,0,0,0,0,0,0,0,0,0,0,0,0,0,0,0,0,4,0,0,0,0,0
"Diaphus theta_4","Actinopteri",0,0,0,0,0,0,0,0,0,16,0,0,0,0,0,0,0,0,0,0,0,0,16,0,0,0,0,0,0,0,0,0,0,0,5,0,0,3,0,0,0,0,0,0,0
"Embiotoca lateralis_1","Actinopteri",0,0,0,23,0,0,145,13,817,0,0,0,0,0,0,0,150,0,59,79,0,0,0,109,0,0,0,0,0,15,0,0,228,0,0,0,0,0,0,0,0,0,0,0,0
"Engraulis mordax_23","Actinopteri",0,0,0,0,0,0,0,0,0,8700,15852,14647,10719,12176,7016,9651,0,0,0,0,0,0,16511,0,3493,5125,6882,2443,2544,6908,0,0,0,0,9935,0,0,7411,21675,5872,0,0,0,0,0
"Engraulis mordax_3","Actinopteri",0,0,0,0,0,0,0,0,0,0,0,0,0,0,0,0,0,0,0,0,0,0,0,0,0,0,0,0,0,0,0,0,0,0,0,0,72,0,0,0,0,0,0,0,0
"Enhydra lutris_1","Mammalia",0,0,139,0,0,45,0,20,0,0,0,0,0,0,0,0,0,0,0,0,99,0,0,0,0,0,0,0,0,0,0,0,0,0,0,0,0,0,0,0,0,0,0,0,0
"Enophrys bison_1","Actinopteri",0,0,122,0,0,0,0,0,0,0,0,0,0,0,0,0,0,0,0,0,0,0,0,322,540,839,1046,1855,1976,5284,0,0,0,0,0,0,0,0,0,0,0,0,0,0,0
"Eopsetta jordani_1","Actinopteri",0,0,0,0,0,0,0,0,0,0,0,0,0,0,0,0,0,0,0,0,0,0,11,0,0,0,0,0,0,0,0,0,0,0,0,0,0,0,8,0,0,0,0,0,0
"Eschrichtius robustus_1","Mammalia",0,0,0,0,0,0,0,0,373,0,0,0,0,0,0,0,0,0,0,0,0,0,0,0,0,0,0,0,0,0,0,0,0,0,0,0,0,0,0,0,0,0,0,0,0
"Eumetopias jubatus_1","Mammalia",0,0,0,0,0,0,0,0,0,0,0,0,0,0,0,0,0,409,0,0,0,0,0,0,0,0,0,0,0,0,0,0,0,0,0,0,0,0,0,0,0,0,0,0,0
"Gadus morhua_1","Actinopteri",0,0,0,0,0,0,0,0,0,0,0,0,0,0,0,0,0,0,0,13,0,0,0,0,0,0,0,0,0,0,0,0,0,0,0,0,0,0,0,0,0,0,0,0,0
"Gadus_1","Actinopteri",0,0,0,0,0,0,0,0,0,0,153,209,84,139,74,101,0,0,0,0,0,0,0,0,0,0,0,0,0,0,0,0,0,0,0,0,0,0,0,0,0,0,0,0,0
"Gadus_2","Actinopteri",0,0,0,0,0,178,0,0,0,0,0,0,0,0,0,0,0,0,0,0,0,0,0,0,0,2,5,3,4,3,0,0,0,15,0,0,222,0,0,0,0,0,0,0,0
"Gadus_3","Actinopteri",0,0,0,0,0,0,0,0,0,0,0,0,0,0,0,0,0,0,0,0,0,0,0,0,0,0,0,0,0,0,0,0,0,0,0,0,0,0,0,0,293,0,0,0,0
"Gallus_1","Aves",0,0,0,0,0,0,0,0,0,0,0,0,0,0,0,0,0,0,0,0,0,62,0,0,0,0,0,0,0,0,0,0,0,0,0,0,0,0,0,0,0,16295,20,0,0
"Gasterosteus aculeatus_1","Actinopteri",0,0,0,0,0,0,0,0,0,0,0,0,0,0,0,0,0,0,0,0,0,0,0,0,1947,3090,4266,4229,4710,12820,0,0,0,0,0,0,0,0,0,0,0,0,0,0,0
"Genyonemus lineatus_1","Actinopteri",0,0,0,0,0,0,0,0,0,0,0,0,0,0,0,0,0,0,0,0,0,0,0,0,4,0,0,0,0,0,0,0,0,0,0,0,0,0,0,0,0,0,0,0,0
"Gobiesox maeandricus_1","Actinopteri",0,0,0,0,0,0,0,49,0,0,0,0,0,0,0,0,35,0,60,0,67,0,0,0,0,0,0,0,0,0,0,0,0,0,0,0,0,0,0,0,0,0,0,0,0
"Hemilepidotus hemilepidotus_1","Actinopteri",0,0,0,0,0,143,0,0,0,0,0,0,0,0,0,0,0,0,0,0,0,0,0,0,0,0,0,0,0,0,0,0,0,0,0,0,0,0,0,0,0,0,0,0,0
"Hemilepidotus hemilepidotus_2","Actinopteri",0,0,1950,0,0,121,0,35,0,15,0,0,0,0,0,0,0,0,0,0,0,102,13,0,0,0,0,0,3,15,0,0,0,0,9,0,0,0,0,0,0,0,0,0,0
"Hemilepidotus hemilepidotus_3","Actinopteri",0,0,0,0,0,0,0,0,0,0,0,0,0,0,0,0,0,0,0,0,0,0,0,0,0,0,0,0,0,0,0,1627,0,0,0,0,0,0,0,0,0,0,0,0,0
"Hemilepidotus_1","Actinopteri",0,0,0,0,0,0,0,0,410,0,0,0,0,0,0,0,0,0,0,0,0,0,0,0,0,0,0,0,0,0,0,0,0,0,0,0,0,0,0,0,0,0,0,0,0
"Hemilepidotus_2","Actinopteri",0,0,1852,224,151,165,496,134,1866,0,0,0,0,0,0,0,0,0,0,148,567,0,0,0,0,0,0,0,0,0,538,0,0,0,0,0,0,0,0,0,0,0,0,0,0
"Hemilepidotus_3","Actinopteri",0,0,0,0,0,102,0,0,0,0,0,0,0,0,0,0,0,0,0,0,0,0,0,0,0,0,0,0,0,0,0,0,0,0,0,0,0,0,0,0,0,0,0,0,0
"Hemilepidotus_4","Actinopteri",0,0,0,0,0,0,0,0,0,0,0,0,0,0,0,0,0,0,0,0,0,0,0,0,0,0,0,0,0,0,339,0,0,0,0,0,0,0,0,0,0,0,0,0,0
"Hexagrammos decagrammus_1","Actinopteri",0,0,7175,460,283,564,734,1798,9622,0,0,0,0,0,0,0,1327,0,1072,564,6702,1716,11,90,0,0,0,0,0,0,1763,2318,644,12,0,1411,0,5,0,0,0,0,0,0,0
"Hexagrammos decagrammus_2","Actinopteri",0,0,0,0,0,0,0,0,0,0,0,0,0,0,0,0,40,0,0,0,0,0,0,0,0,0,0,0,0,0,0,0,0,0,0,0,0,0,0,0,0,0,0,0,0
"Hexagrammos decagrammus_3","Actinopteri",0,0,0,0,0,0,0,0,0,0,0,0,0,0,0,0,93,0,0,0,0,0,0,0,0,0,0,0,0,0,0,0,0,0,0,0,0,0,0,0,0,0,0,0,0
"Hexagrammos_1","Actinopteri",0,0,0,0,0,0,0,28,0,0,0,0,0,0,0,0,0,0,258,165,53,0,0,0,0,0,0,18,8,34,0,0,0,0,0,0,0,0,0,0,0,0,0,0,0
"Hippoglossina stomata_1","Actinopteri",0,0,0,0,0,0,0,0,0,0,0,0,0,0,0,0,0,0,0,0,0,0,0,0,0,2,0,0,0,0,0,0,0,0,0,0,0,0,0,0,0,0,0,0,0
"Homo sapiens_12","Mammalia",0,0,0,0,0,0,0,0,0,0,0,0,0,0,0,0,0,0,0,0,0,0,0,0,0,0,0,0,0,0,0,0,0,0,0,0,77,0,0,0,0,0,0,0,0
"Homo sapiens_16","Mammalia",0,0,0,0,0,0,0,0,0,0,0,0,0,0,0,0,0,0,0,0,0,0,0,0,0,0,0,0,0,0,0,0,0,0,0,0,85,0,0,0,0,0,0,0,0
"Homo sapiens_18","Mammalia",154,0,0,0,0,13,0,0,0,0,0,0,0,0,0,0,0,0,0,0,0,0,0,0,0,0,0,0,0,0,0,0,0,0,0,0,0,0,0,0,0,0,0,0,0
"Homo sapiens_21","Mammalia",0,0,0,0,0,0,0,0,0,0,0,0,0,0,0,0,0,0,0,0,0,0,0,0,0,0,0,0,0,0,0,0,0,0,0,0,32,0,0,0,0,0,0,0,0
"Homo sapiens_23","Mammalia",1264,157,4536,249,586,1724,692,424,4014,0,0,0,0,0,0,0,1339,551,641,71,2189,1970,0,646,0,0,0,0,0,0,2847,0,2986,0,0,2683,216,0,0,0,2912,0,2,5,0
"Homo sapiens_24","Mammalia",0,0,0,0,0,0,72,0,0,0,0,0,0,0,0,0,0,0,95,0,0,0,0,0,0,0,0,0,0,0,0,0,0,0,0,0,0,0,0,0,0,0,0,0,0
"Homo sapiens_29","Mammalia",0,0,0,0,0,0,0,0,0,0,0,0,0,0,0,0,18,0,0,0,0,0,0,0,0,0,0,0,0,0,0,0,0,0,0,0,0,0,0,0,0,0,0,0,0
"Homo sapiens_31","Mammalia",0,0,0,0,0,0,0,0,0,0,0,0,0,0,0,0,0,0,54,0,0,0,0,0,0,0,0,0,0,0,0,0,0,0,0,0,0,0,0,0,0,0,0,0,0
"Homo sapiens_53","Mammalia",0,0,0,43,0,0,0,0,0,0,0,0,0,0,0,0,0,0,0,0,0,0,0,0,0,0,0,0,0,0,0,0,0,0,0,0,0,0,0,0,0,0,0,0,0
"Homo sapiens_55","Mammalia",0,0,0,0,0,0,0,0,110,0,0,0,0,0,0,0,0,0,0,0,0,0,0,0,0,0,0,0,0,0,0,0,0,0,0,0,0,0,0,0,0,0,0,0,0
"Homo sapiens_60","Mammalia",0,0,0,0,0,0,0,0,207,0,0,0,0,0,0,0,0,0,0,0,0,0,0,0,0,0,0,0,0,0,0,0,0,0,0,0,0,0,0,0,0,0,0,0,0
"Homo sapiens_61","Mammalia",0,0,0,0,0,0,0,0,0,0,0,0,0,0,0,0,0,0,0,0,0,0,0,0,0,0,0,0,0,0,0,0,0,59,0,0,0,0,0,0,0,0,0,0,0
"Homo sapiens_62","Mammalia",0,0,0,0,0,45,0,0,0,0,0,0,0,0,0,0,0,0,0,0,0,0,0,0,0,0,0,0,0,0,0,0,0,0,0,0,0,0,0,0,0,0,0,0,0
"Homo sapiens_63","Mammalia",0,0,0,0,0,0,0,0,0,0,0,0,0,0,0,0,0,0,0,0,0,0,0,0,0,0,0,0,0,0,275,0,0,0,0,0,0,0,0,0,0,0,0,0,0
"Homo sapiens_64","Mammalia",0,0,0,0,0,0,6,0,0,0,0,0,0,0,0,0,0,0,0,0,0,0,0,0,0,0,0,0,0,0,0,0,0,0,0,0,0,0,0,0,0,0,0,0,0
"Homo sapiens_8","Mammalia",0,0,0,0,0,0,0,0,0,0,0,0,0,0,0,0,0,0,0,0,0,0,0,0,0,0,0,0,0,0,0,0,6,0,0,0,0,0,0,0,0,0,0,0,0
"Hydrolagus colliei_1","Chondrichthyes",0,0,0,0,4,0,0,0,0,5,0,0,0,0,0,0,33,40,0,0,0,0,12,43,204,250,387,70,59,218,0,0,20,0,12,0,0,17,66,12,0,0,0,0,0
"Hypomesus_1","Actinopteri",0,0,0,0,0,0,0,0,0,0,0,0,0,0,0,0,0,0,0,0,141,0,0,0,0,0,0,0,0,0,0,0,0,5,0,0,0,0,0,0,0,0,0,0,0
"Icelinus borealis_1","Actinopteri",0,0,0,0,0,0,0,0,0,0,0,0,0,0,0,0,0,0,0,0,0,0,0,0,0,4,0,0,0,0,0,0,0,0,0,0,0,0,0,0,0,0,0,0,0
"Icelinus_1","Actinopteri",0,0,0,0,0,0,0,0,0,0,0,0,0,0,0,0,0,0,0,0,0,0,0,0,0,9,0,7,11,19,0,0,0,0,0,0,0,0,0,0,0,0,0,0,0
"Icichthys lockingtoni_1","Actinopteri",0,0,0,0,0,0,0,0,0,6,0,0,0,0,0,0,0,0,0,0,0,0,19,0,0,0,0,0,0,0,0,0,0,0,7,0,0,17,33,11,0,0,0,0,0
"Jordania zonope_1","Actinopteri",0,0,0,0,142,0,0,0,0,0,0,0,0,0,0,0,0,0,0,0,146,0,0,131,0,0,0,0,0,0,0,0,0,0,0,0,0,0,0,0,0,0,0,0,0
"Lagenorhynchus obliquidens_1","Mammalia",0,0,0,0,0,0,0,0,0,0,0,0,0,0,0,0,0,0,0,0,0,0,0,0,0,0,0,5,11,30,0,0,0,0,0,0,0,0,0,0,0,0,0,0,0
"Lampanyctus tenuiformis_3","Actinopteri",0,0,0,0,0,0,0,0,0,0,0,0,0,0,0,0,0,0,0,0,0,0,3,0,0,0,0,0,0,0,0,0,0,0,0,0,0,0,0,0,0,0,0,0,0
"Larus_2","Aves",0,0,0,0,0,0,0,0,0,0,0,0,0,0,0,0,0,0,0,0,70,0,0,0,0,0,0,0,0,0,0,0,0,0,0,0,0,0,0,0,0,0,0,0,0
"Lepidopsetta_1","Actinopteri",0,0,0,0,0,0,0,0,0,0,0,0,0,0,0,0,0,0,0,0,0,0,0,0,0,0,0,0,0,0,0,0,0,0,0,0,0,0,6,0,0,0,0,0,0
"Leptocottus armatus_1","Actinopteri",0,0,0,0,0,0,0,0,0,0,0,0,0,0,0,0,0,0,0,0,0,0,0,0,1439,2355,3019,1685,1746,4610,0,0,0,0,0,0,0,0,0,0,0,0,0,0,0
"Liparis florae_1","Actinopteri",0,0,268,40,0,0,0,0,0,0,0,0,0,0,0,0,9,0,0,0,0,0,0,0,0,0,0,0,0,0,0,0,0,0,0,0,0,0,0,0,0,0,0,0,0
"Liparis fucensis_1","Actinopteri",0,0,0,0,0,0,0,0,0,0,0,0,0,0,0,0,0,0,0,0,0,0,0,0,0,0,0,0,0,0,79,0,0,0,0,0,0,0,0,0,0,0,0,0,0
"Liparis fucensis_3","Actinopteri",0,0,0,0,0,86,0,0,0,0,0,0,0,0,0,0,0,0,0,0,90,0,0,0,0,0,0,0,0,0,192,0,99,0,0,0,0,0,0,0,0,0,0,0,0
"Liparis mucosus_1","Actinopteri",0,0,0,40,0,0,0,0,0,0,0,0,0,0,0,0,209,0,0,0,0,0,0,0,0,0,0,0,0,0,0,0,0,0,0,0,0,0,0,0,0,0,0,0,0
"Liparis pulchellus_1","Actinopteri",0,0,0,0,0,0,0,0,0,0,0,0,0,0,0,0,0,0,0,0,0,0,0,0,49,78,76,126,114,337,0,0,0,0,0,0,0,0,0,0,0,0,0,0,0
"Liparis_1","Actinopteri",0,0,0,0,0,0,0,0,0,0,0,0,0,0,0,0,0,0,0,0,0,0,0,0,5,13,9,7,24,45,0,0,0,0,0,0,0,0,0,0,0,0,0,0,0
"Lumpenus sagitta_1","Actinopteri",0,0,0,0,0,0,0,0,0,0,0,0,0,0,0,0,0,0,0,0,0,0,0,0,1028,1587,2291,6662,6765,18355,0,0,0,0,0,0,0,0,0,0,0,0,0,0,0
"Lycodapus mandibularis_1","Actinopteri",0,0,0,0,0,0,0,0,0,12,0,0,0,0,0,0,0,0,0,0,0,0,13,0,0,0,0,0,0,0,0,0,0,0,16,0,0,29,49,15,0,0,0,0,0
"Macropus cf. giganteus TL-2021_1","Mammalia",0,0,0,0,0,0,0,0,0,0,0,0,0,0,0,0,0,0,0,0,0,0,0,0,0,0,0,0,0,0,0,0,0,0,0,0,0,0,0,0,0,0,17,0,0
"Macropus cf. giganteus TL-2021_3","Mammalia",0,0,0,0,0,0,0,0,0,0,0,0,0,0,0,0,0,0,0,0,0,0,0,0,0,0,0,0,0,0,0,0,0,0,0,0,0,0,0,0,0,0,0,26,0
"Macropus fuliginosus_1","Mammalia",0,0,0,0,0,0,0,0,0,0,0,0,0,0,0,0,0,0,0,0,0,0,0,0,0,0,0,0,0,0,0,0,0,0,0,0,0,0,0,0,0,0,43,14,0
"Macropus_1","Mammalia",0,0,0,0,0,0,0,0,0,0,0,0,0,0,0,0,0,0,0,0,0,0,0,0,0,0,0,0,0,0,0,0,0,0,0,0,0,0,0,0,0,0,55,22,0
"Macrouridae_1","Actinopteri",0,0,0,0,0,0,0,0,0,0,4,0,0,0,0,0,0,0,0,0,0,0,10,0,0,0,5,0,0,0,0,0,0,0,0,0,0,0,7,0,0,0,0,0,0
"Malacocottus_1","Actinopteri",0,0,0,0,0,0,0,0,0,0,0,0,0,0,0,0,0,0,0,0,0,0,0,0,0,0,0,0,0,6,0,0,0,0,0,0,0,0,0,0,0,0,0,0,0
"Merluccius productus_7","Actinopteri",0,0,0,0,0,0,0,0,0,5866,11166,10946,7786,4222,2437,3331,0,0,0,0,0,0,10773,0,1947,3065,4216,751,815,2225,0,0,0,0,6663,0,0,2143,6307,1499,0,0,0,0,0
"Microgadus proximus_1","Actinopteri",0,0,0,0,0,0,93,31,0,0,0,0,0,0,0,0,0,0,0,0,0,0,0,0,0,0,0,0,0,0,0,0,0,0,0,0,0,0,0,0,0,0,0,0,0
"Microstomus pacificus_1","Actinopteri",0,0,0,0,0,0,0,0,0,3090,0,0,0,0,0,4,0,0,0,0,0,0,5311,0,0,0,0,0,0,0,0,0,0,0,3035,0,0,8646,23047,6251,0,0,0,0,0
"Microstomus pacificus_2","Actinopteri",0,0,0,0,0,0,0,0,0,0,0,0,4,0,0,0,0,0,0,0,0,0,0,0,0,0,0,0,0,0,0,0,0,0,0,0,0,0,0,0,0,0,0,0,0
"Myoxocephalus_1","Actinopteri",0,0,0,0,0,0,0,0,0,0,0,0,0,0,0,0,0,0,0,0,0,0,0,0,63,144,168,209,269,603,0,0,0,0,0,0,0,0,0,0,0,0,0,0,0
"NA_NA",NA,1630,17641,556,231,251,6,276,39,72,7,0,0,0,5,0,0,357,1485,267,473,815,301,0,1714,693,1342,1618,5268,5635,17305,1109,2099,259,8,2,3074,31,3,3,0,43,0,23,5,15
"Nautichthys oculofasciatus_1","Actinopteri",0,0,0,0,0,0,0,0,0,0,0,0,0,0,0,0,0,0,0,0,0,0,0,0,2202,3168,4214,5466,5966,16870,0,0,0,0,0,0,0,0,0,0,0,0,0,0,0
"Oncorhynchus keta_1","Actinopteri",0,0,0,0,0,0,0,0,0,3403,0,0,0,0,0,0,0,0,0,0,0,0,6715,0,1976,2806,3704,2645,2705,7284,0,0,0,0,3824,0,0,4826,12776,3806,0,0,0,0,0
"Oncorhynchus kisutch_1","Actinopteri",488,250,386,139,39,152,280,46,1036,0,5160,4774,3504,10727,6575,8570,195,877,174,431,290,208,0,255,1546,2280,3149,3822,4416,11251,210,0,164,0,0,490,458,0,0,0,642,0,0,0,0
"Oncorhynchus kisutch_2","Actinopteri",0,0,0,0,0,0,30,0,0,0,0,0,0,0,0,0,0,0,0,0,0,0,0,0,0,0,0,0,0,0,0,0,0,0,0,0,0,0,0,0,0,0,0,0,0
"Oncorhynchus kisutch_3","Actinopteri",0,0,0,0,0,0,0,0,0,0,0,0,0,0,0,0,0,0,0,0,0,0,0,0,0,0,0,0,0,0,0,0,0,0,0,110,0,0,0,0,0,0,0,0,0
"Oncorhynchus kisutch_4","Actinopteri",471,407,380,94,101,94,181,31,357,0,0,0,0,0,0,0,53,252,61,127,98,0,0,226,0,0,0,0,0,0,309,0,105,0,0,228,307,0,0,0,300,0,0,0,763
"Oncorhynchus mykiss_1","Actinopteri",0,0,0,0,0,0,0,0,0,0,0,0,0,0,0,0,0,0,0,0,0,0,0,0,715,1139,1659,1053,1137,2790,0,0,0,0,0,0,0,0,0,0,0,0,0,0,0
"Oncorhynchus nerka_1","Actinopteri",0,0,0,0,0,0,0,0,0,0,0,0,0,0,0,0,0,0,0,0,0,0,0,0,0,0,0,0,0,0,0,0,0,0,0,0,0,0,293,0,0,0,0,0,0
"Oncorhynchus nerka_2","Actinopteri",0,0,0,0,0,0,0,0,0,182,0,0,0,0,0,0,0,0,0,0,0,0,470,0,94,148,202,80,111,215,0,0,0,0,254,0,0,244,848,237,0,0,0,0,0
"Oncorhynchus nerka_3","Actinopteri",0,0,0,0,0,0,0,0,0,8906,0,0,0,0,0,0,0,0,0,0,0,0,19353,0,4646,6870,9663,5435,5796,15843,0,0,0,0,10683,0,0,13139,36238,10663,0,0,0,0,0
"Oncorhynchus tshawytscha_1","Actinopteri",97605,21518,84774,19785,27589,35293,44455,9596,103356,1924,2645,2426,1973,744,428,577,42920,99153,36989,55033,56915,25969,3902,62639,699,1143,1494,532,541,1450,37985,32220,52269,994,2125,98338,74696,730,2102,587,87211,0,0,0,38829
"Oncorhynchus tshawytscha_10","Actinopteri",0,0,0,0,0,0,0,0,0,0,0,0,0,0,0,0,0,0,0,0,0,0,0,0,0,0,0,0,0,0,0,449,0,0,0,0,0,0,0,0,0,0,0,0,0
"Oncorhynchus tshawytscha_11","Actinopteri",0,0,0,0,0,0,0,0,0,0,0,0,0,0,0,0,0,0,0,0,0,0,0,0,0,0,0,0,0,0,0,0,0,0,0,27,0,0,0,0,0,0,0,0,0
"Oncorhynchus tshawytscha_12","Actinopteri",0,0,0,0,0,0,0,0,0,0,0,0,0,0,0,0,0,0,0,0,0,0,0,0,0,0,0,0,0,0,0,0,16,0,0,0,0,0,0,0,0,0,0,0,0
"Oncorhynchus tshawytscha_13","Actinopteri",168,0,0,0,0,0,0,0,0,0,0,0,0,0,0,0,0,0,138,0,0,0,0,0,0,0,0,0,0,0,0,0,0,0,0,182,0,0,0,0,0,0,0,0,0
"Oncorhynchus tshawytscha_14","Actinopteri",0,0,0,0,0,0,0,0,0,0,0,0,0,0,0,0,0,0,0,0,0,34,0,0,0,0,0,0,0,0,0,0,0,0,0,0,0,0,0,0,0,0,0,0,0
"Oncorhynchus tshawytscha_15","Actinopteri",0,0,0,0,0,0,0,0,0,0,0,0,0,0,0,0,0,0,0,0,0,0,0,0,0,0,0,0,0,0,0,0,133,0,0,162,0,0,0,0,0,0,0,0,0
"Oncorhynchus tshawytscha_16","Actinopteri",0,0,0,0,0,0,0,0,0,0,0,0,0,0,0,0,0,230,0,0,0,0,0,0,0,0,0,0,0,0,0,0,0,0,0,0,0,0,0,0,0,0,0,0,0
"Oncorhynchus tshawytscha_17","Actinopteri",0,118,0,0,0,0,0,0,0,0,0,0,0,0,0,0,0,0,0,0,0,0,0,0,0,0,0,0,0,0,0,0,0,0,0,0,0,0,0,0,0,0,0,0,0
"Oncorhynchus tshawytscha_18","Actinopteri",0,121,0,0,0,0,0,0,0,0,0,0,0,0,0,0,0,0,0,0,0,0,0,0,0,0,0,0,0,0,0,0,0,0,0,0,0,0,0,0,0,0,0,0,0
"Oncorhynchus tshawytscha_19","Actinopteri",142,0,0,0,0,0,0,0,0,0,0,0,0,0,0,0,0,0,0,0,0,0,0,0,0,0,0,0,0,0,0,0,0,0,0,158,0,0,0,0,155,0,0,0,342
"Oncorhynchus tshawytscha_2","Actinopteri",0,0,255,0,0,0,0,0,0,0,0,0,0,0,0,0,0,0,0,0,0,0,0,0,0,0,0,0,0,0,0,0,0,0,0,0,0,0,0,0,0,0,0,0,0
"Oncorhynchus tshawytscha_20","Actinopteri",0,0,0,0,0,0,0,0,0,0,0,0,0,0,0,0,0,0,0,0,0,0,0,157,0,0,0,0,0,0,0,0,0,0,0,0,0,0,0,0,0,0,0,0,0
"Oncorhynchus tshawytscha_21","Actinopteri",0,0,143,0,0,0,0,0,0,0,0,0,0,0,0,0,0,0,0,0,0,0,0,0,0,0,0,0,0,0,0,0,0,0,0,0,0,0,0,0,0,0,0,0,0
"Oncorhynchus tshawytscha_22","Actinopteri",0,0,0,0,0,0,0,0,0,0,0,0,0,0,0,0,0,0,0,149,165,80,0,0,0,0,0,0,0,0,0,0,0,0,0,0,0,0,0,0,0,0,0,0,0
"Oncorhynchus tshawytscha_23","Actinopteri",274,0,300,0,0,0,113,0,0,0,0,0,0,0,0,0,0,0,0,125,255,0,0,216,0,0,0,0,0,0,190,0,0,0,0,241,259,0,0,0,226,0,0,0,0
"Oncorhynchus tshawytscha_24","Actinopteri",0,142,0,0,0,0,0,0,0,0,0,0,0,0,0,0,0,0,0,0,151,0,0,0,0,0,0,0,0,0,0,0,0,0,0,0,0,0,0,0,0,0,0,0,0
"Oncorhynchus tshawytscha_25","Actinopteri",0,145,0,0,0,0,0,0,0,0,0,0,0,0,0,0,0,0,0,0,0,0,0,0,0,0,0,0,0,0,0,0,0,0,0,0,0,0,0,0,0,0,0,0,0
"Oncorhynchus tshawytscha_26","Actinopteri",0,0,0,0,0,0,0,0,0,0,0,0,0,0,0,0,0,0,0,0,0,0,0,0,0,0,0,0,0,0,0,658,0,0,0,176,0,0,0,0,0,0,0,0,0
"Oncorhynchus tshawytscha_27","Actinopteri",235,0,0,0,0,0,0,0,0,0,0,0,0,0,0,0,0,0,0,0,0,0,0,0,0,0,0,0,0,0,0,0,0,0,0,0,0,0,0,0,0,0,0,0,0
"Oncorhynchus tshawytscha_28","Actinopteri",189,0,0,0,0,0,0,0,188,0,0,0,0,0,0,0,0,0,0,120,0,0,0,0,0,0,0,0,0,0,0,0,0,0,0,0,0,0,0,0,0,0,0,0,0
"Oncorhynchus tshawytscha_29","Actinopteri",0,0,0,0,0,0,0,0,0,0,0,0,0,0,0,0,0,0,0,0,0,0,0,0,0,0,0,0,0,0,0,1060,0,0,0,0,0,0,0,0,0,0,0,0,0
"Oncorhynchus tshawytscha_3","Actinopteri",0,0,0,0,0,0,0,0,0,0,0,0,0,0,0,0,0,294,0,0,0,0,0,0,0,0,0,0,0,0,0,0,0,0,0,133,0,0,0,0,0,0,0,0,0
"Oncorhynchus tshawytscha_30","Actinopteri",0,0,0,0,0,0,0,0,0,0,0,0,0,0,0,0,0,195,0,0,0,0,0,0,0,0,0,0,0,0,0,0,0,0,0,0,0,0,0,0,0,0,0,0,0
"Oncorhynchus tshawytscha_31","Actinopteri",105,0,0,0,0,0,0,0,0,0,0,0,0,0,0,0,0,0,0,0,0,0,0,0,0,0,0,0,0,0,0,0,0,0,0,182,0,0,0,0,0,0,0,0,0
"Oncorhynchus tshawytscha_32","Actinopteri",0,0,0,0,0,0,0,0,0,0,0,0,0,0,0,0,0,0,0,0,0,0,0,0,0,0,0,0,0,0,0,0,0,0,0,117,0,0,0,0,0,0,0,0,0
"Oncorhynchus tshawytscha_33","Actinopteri",0,0,0,0,0,0,0,0,0,0,0,0,0,0,0,0,0,0,0,0,0,0,0,0,0,0,0,0,0,0,0,0,0,0,0,102,0,0,0,0,0,0,0,0,0
"Oncorhynchus tshawytscha_34","Actinopteri",0,0,269,0,0,0,0,0,0,0,0,0,0,0,0,0,0,0,0,0,0,0,0,0,0,0,0,0,0,0,0,0,0,0,0,0,0,0,0,0,0,0,0,0,0
"Oncorhynchus tshawytscha_35","Actinopteri",198,0,0,0,0,0,0,0,0,0,0,0,0,0,0,0,0,0,0,0,0,94,0,0,0,0,0,0,0,0,0,0,0,0,0,0,0,0,0,0,0,0,0,0,368
"Oncorhynchus tshawytscha_36","Actinopteri",0,0,0,0,0,0,0,0,0,0,0,0,0,0,0,0,14,0,0,0,0,0,0,0,0,0,0,0,0,0,0,0,0,0,0,0,0,0,0,0,0,0,0,0,0
"Oncorhynchus tshawytscha_37","Actinopteri",0,0,0,0,0,0,0,0,0,0,0,0,0,0,0,0,0,0,0,0,0,0,0,0,0,0,0,0,0,0,0,114,0,0,0,0,0,0,0,0,0,0,0,0,0
"Oncorhynchus tshawytscha_38","Actinopteri",0,0,0,0,0,0,0,0,0,0,0,0,0,0,0,0,0,0,0,0,0,0,0,0,0,0,0,0,0,0,0,0,0,0,0,138,0,0,0,0,0,0,0,0,0
"Oncorhynchus tshawytscha_39","Actinopteri",0,0,0,0,0,0,0,0,0,0,0,0,0,0,0,0,0,0,0,0,0,0,0,0,0,0,0,0,0,0,0,0,0,0,0,0,0,0,0,0,78,0,0,0,0
"Oncorhynchus tshawytscha_4","Actinopteri",0,0,0,0,0,0,0,0,200,0,0,0,0,0,0,0,0,0,0,0,0,0,0,0,0,0,0,0,0,0,0,0,0,0,0,0,0,0,0,0,0,0,0,0,0
"Oncorhynchus tshawytscha_40","Actinopteri",0,115,0,0,0,0,0,0,0,0,0,0,0,0,0,0,0,0,0,0,0,0,0,0,0,0,0,0,0,0,0,0,0,0,0,0,0,0,0,0,0,0,0,0,0
"Oncorhynchus tshawytscha_41","Actinopteri",0,129,0,0,0,0,0,0,0,0,0,0,0,0,0,0,0,0,0,0,0,89,0,0,0,0,0,0,0,0,0,0,0,0,0,0,0,0,0,0,0,0,0,0,0
"Oncorhynchus tshawytscha_42","Actinopteri",0,0,0,0,0,0,0,0,0,0,0,0,0,0,0,0,0,0,0,0,0,0,0,0,0,0,0,0,0,0,0,0,0,0,0,0,0,0,0,0,0,0,0,0,338
"Oncorhynchus tshawytscha_43","Actinopteri",0,0,0,0,0,0,0,0,0,0,0,0,0,0,0,0,0,0,0,0,0,23,0,0,0,0,0,0,0,0,0,0,0,0,0,0,0,0,0,0,0,0,0,0,0
"Oncorhynchus tshawytscha_44","Actinopteri",0,0,0,0,0,0,0,0,0,0,0,0,0,0,0,0,0,0,0,0,0,0,0,0,0,0,0,0,0,0,0,0,0,0,0,152,0,0,0,0,0,0,0,0,0
"Oncorhynchus tshawytscha_45","Actinopteri",218,0,0,0,0,0,0,0,160,0,0,0,0,0,0,0,0,0,0,0,0,0,0,0,0,0,0,0,0,0,0,0,0,0,0,180,0,0,0,0,0,0,0,0,0
"Oncorhynchus tshawytscha_46","Actinopteri",0,0,0,0,0,0,0,0,0,0,0,0,0,0,0,0,0,24,0,0,0,0,0,0,0,0,0,0,0,0,0,0,0,0,0,0,0,0,0,0,0,0,0,0,0
"Oncorhynchus tshawytscha_47","Actinopteri",0,0,172,0,0,0,0,0,0,0,0,0,0,0,0,0,0,0,0,0,0,0,0,0,0,0,0,0,0,0,0,0,0,0,0,0,0,0,0,0,0,0,0,0,0
"Oncorhynchus tshawytscha_48","Actinopteri",0,0,0,0,0,0,0,0,0,0,0,0,0,0,0,0,0,0,0,0,0,0,0,0,0,0,0,0,0,0,28,0,0,0,0,0,0,0,0,0,0,0,0,0,0
"Oncorhynchus tshawytscha_49","Actinopteri",0,0,0,0,0,0,0,0,0,0,0,0,0,0,0,0,0,0,0,0,0,0,0,0,0,0,0,0,0,0,0,0,0,0,0,59,0,0,0,0,0,0,0,0,0
"Oncorhynchus tshawytscha_5","Actinopteri",0,0,0,0,0,0,0,0,109,0,0,0,0,0,0,0,0,0,0,0,0,0,0,0,0,0,0,0,0,0,0,0,0,0,0,0,0,0,0,0,0,0,0,0,0
"Oncorhynchus tshawytscha_50","Actinopteri",0,142,0,0,0,0,0,0,0,0,0,0,0,0,0,0,0,0,0,0,0,0,0,0,0,0,0,0,0,0,0,0,0,0,0,0,0,0,0,0,0,0,0,0,0
"Oncorhynchus tshawytscha_51","Actinopteri",0,0,0,0,0,0,0,0,200,0,0,0,0,0,0,0,0,0,0,0,0,0,0,0,0,0,0,0,0,0,0,0,114,0,0,216,0,0,0,0,0,0,0,0,0
"Oncorhynchus tshawytscha_52","Actinopteri",0,0,0,0,0,0,0,0,0,0,0,0,0,0,0,0,0,0,0,0,0,0,0,42,0,0,0,0,0,0,0,0,0,0,0,0,0,0,0,0,0,0,0,0,0
"Oncorhynchus tshawytscha_6","Actinopteri",0,0,0,0,0,0,0,0,0,0,0,0,0,0,0,0,0,0,0,0,0,0,0,0,0,0,0,0,0,0,0,0,0,0,0,0,0,0,0,0,0,0,0,0,146
"Oncorhynchus tshawytscha_7","Actinopteri",0,0,0,0,0,0,0,0,0,0,0,0,0,0,0,0,0,0,0,35,0,0,0,0,0,0,0,0,0,0,0,0,0,0,0,0,0,0,0,0,0,0,0,0,0
"Oncorhynchus tshawytscha_8","Actinopteri",76,0,0,0,0,0,0,0,0,0,0,0,0,0,0,0,0,0,0,0,0,0,0,0,0,0,0,0,0,0,0,0,0,0,0,0,0,0,0,0,0,0,0,0,0
"Oncorhynchus tshawytscha_9","Actinopteri",185,0,0,0,0,0,0,0,0,0,0,0,0,0,0,0,0,0,0,0,0,0,0,0,0,0,0,0,0,0,0,0,0,0,0,0,0,0,0,0,0,0,0,0,0
"Oncorhynchus_1","Actinopteri",0,0,0,0,0,0,0,0,0,0,0,0,0,0,0,0,0,0,0,0,0,0,0,0,0,0,0,0,0,0,0,0,0,0,0,0,0,0,0,0,24,0,0,0,0
"Oncorhynchus_2","Actinopteri",0,0,0,0,0,0,0,0,0,0,0,0,0,0,0,0,0,0,0,0,0,0,0,0,0,0,0,0,0,0,0,0,0,0,0,0,0,0,0,0,79,0,0,0,0
"Oncorhynchus_3","Actinopteri",0,0,0,0,0,0,0,0,50,0,0,0,0,0,0,0,0,0,0,0,0,0,0,0,0,0,0,0,0,0,0,0,0,0,0,0,0,0,0,0,0,0,0,0,0
"Oncorhynchus_4","Actinopteri",0,0,0,0,0,0,0,0,0,0,0,0,0,0,0,0,0,0,0,0,0,0,0,0,0,0,0,0,0,0,0,0,0,0,0,71,0,0,0,0,0,0,0,0,0
"Oncorhynchus_5","Actinopteri",0,0,0,0,0,0,0,0,0,0,4483,4328,3290,2248,1334,1762,0,0,0,0,0,0,0,0,1053,1667,2300,1517,1514,4512,0,0,0,0,0,0,0,0,0,0,0,0,0,0,0
"Ophiodon elongatus_1","Actinopteri",462,0,1025,135,0,497,164,109,5251,6,5929,5702,4159,17100,10271,13227,0,367,167,0,2169,111,0,95,0,0,0,0,0,0,464,0,0,0,0,395,0,0,12,0,0,0,0,0,0
"Osmeridae_1","Actinopteri",0,0,0,0,0,119,0,0,0,0,0,0,0,0,0,0,0,0,0,0,0,0,0,0,0,0,0,0,0,0,0,0,0,0,0,0,0,0,0,0,0,0,0,0,0
"Osmerus eperlanus_1","Actinopteri",0,0,0,0,0,0,0,0,0,0,0,0,0,0,0,0,0,0,0,0,67,0,0,0,0,0,0,0,0,0,0,0,0,0,0,0,0,0,0,0,0,0,0,0,0
"Osphranter robustus_1","Mammalia",0,0,0,0,0,0,0,0,0,0,0,0,0,0,0,0,0,0,0,0,0,0,0,0,0,0,0,0,0,0,0,0,0,0,0,0,0,0,0,0,0,0,0,15,0
"Osphranter robustus_2","Mammalia",0,0,0,0,0,0,0,0,0,0,0,0,0,0,0,0,0,0,0,0,0,0,0,0,0,0,0,0,0,0,0,0,0,0,0,0,0,0,0,0,0,0,34,0,0
"Osphranter rufus_1","Mammalia",0,0,0,0,0,0,0,0,0,0,0,0,0,0,0,0,0,0,0,0,0,0,0,0,0,0,0,0,0,0,0,0,0,0,0,0,0,0,0,0,0,0,50,30,0
"Osphranter rufus_2","Mammalia",0,0,0,0,0,0,0,0,0,0,0,0,0,0,0,0,0,0,0,0,0,0,0,0,0,0,0,0,0,0,0,0,0,0,0,0,0,0,0,0,0,0,330,158,0
"Osphranter rufus_5","Mammalia",0,0,0,0,0,0,0,0,0,0,0,0,0,0,0,0,0,0,0,0,0,0,0,0,0,0,0,0,0,0,0,0,0,0,0,0,0,0,0,0,0,0,31410,14337,0
"Oxylebius pictus_1","Actinopteri",0,0,0,0,0,0,0,0,0,0,0,0,0,0,0,0,0,0,0,0,0,0,0,0,3,11,21,18,28,35,0,0,0,0,0,0,0,0,0,0,0,0,0,0,0
"Peprilus_1","Actinopteri",0,0,0,0,0,0,0,0,0,0,0,0,0,0,0,0,0,0,0,0,0,0,0,0,0,4,0,0,0,0,0,0,0,0,0,0,0,0,0,0,0,0,0,0,0
"Phalacrocorax pelagicus_1","Aves",0,0,37,0,0,0,0,0,0,0,0,0,0,0,0,0,0,0,0,0,0,0,0,0,0,0,0,0,0,0,0,0,0,0,0,0,0,0,0,0,0,0,0,0,0
"Phanerodon vacca_1","Actinopteri",0,0,0,0,0,0,0,0,0,0,4,0,0,0,0,0,0,0,0,0,0,0,0,0,0,0,0,0,0,0,0,0,0,0,0,0,0,0,0,0,0,0,0,0,0
"Phoca_1","Mammalia",0,0,0,206,0,0,0,0,1370,0,0,0,0,0,0,0,0,0,0,0,0,0,0,0,0,0,0,0,0,0,134,0,0,2,0,0,0,0,0,0,0,0,0,0,0
"Phoca_2","Mammalia",0,0,1610,0,0,91,340,6,0,0,0,0,0,0,0,0,0,0,0,0,146,0,0,0,0,0,0,0,0,0,0,0,0,0,0,0,0,0,0,0,0,0,0,0,0
"Phocidae_1","Mammalia",0,0,0,0,0,0,0,0,341,0,0,0,0,0,0,0,0,0,0,0,0,0,0,0,0,0,0,0,0,0,0,0,0,0,0,0,0,0,0,0,0,0,0,0,0
"Phocoena phocoena_1","Mammalia",0,0,0,0,0,0,0,0,0,0,0,0,0,0,0,0,0,0,0,0,0,0,0,0,0,0,0,0,0,0,157,0,0,0,0,0,0,0,0,0,0,0,0,0,0
"Phocoena phocoena_2","Mammalia",1471,0,0,0,120,0,0,0,0,0,0,0,0,0,0,0,0,0,0,0,0,0,0,0,0,0,0,0,0,0,0,0,0,0,0,0,0,0,0,0,0,0,0,0,0
"Phocoena phocoena_3","Mammalia",0,0,0,0,0,149,0,0,0,0,0,0,0,0,0,0,0,0,0,0,0,0,0,76,0,0,0,0,0,0,0,0,0,0,0,0,0,0,0,0,0,0,0,0,0
"Pholis laeta_1","Actinopteri",0,0,0,0,0,0,0,0,0,0,86,83,54,83,54,58,0,0,0,0,0,0,0,0,4711,7031,9848,1685,1614,4649,0,0,0,0,0,0,0,0,0,0,0,0,0,0,0
"Pholis ornata_1","Actinopteri",0,0,0,0,0,0,0,0,0,0,0,0,0,0,0,0,0,0,0,0,0,0,0,0,0,0,0,0,0,0,165,0,0,0,0,0,0,0,7,0,0,0,0,0,0
"Phytichthys chirus_1","Actinopteri",0,0,437,0,43,0,0,0,0,0,0,0,0,0,0,0,195,0,0,0,157,0,0,0,0,0,0,0,0,0,0,0,0,0,0,0,0,0,0,0,0,0,0,0,0
"Pleuronectidae_1","Actinopteri",0,0,0,0,0,0,0,18,0,0,0,0,0,0,0,0,0,0,0,0,0,0,0,0,0,0,0,0,0,0,0,0,0,0,0,0,0,0,0,0,0,0,0,0,0
"Pleuronectidae_4","Actinopteri",0,0,0,0,0,0,0,0,0,0,0,0,0,0,0,0,0,0,0,0,0,0,0,0,0,0,0,0,0,40,0,0,0,0,0,0,0,0,0,0,0,0,0,0,0
"Pleuronectidae_5","Actinopteri",0,0,0,0,0,0,0,0,0,0,0,0,0,0,0,0,0,0,0,0,0,0,0,0,13,29,30,25,30,65,0,0,0,0,0,0,0,0,0,0,0,0,0,0,0
"Radulinus boleoides_1","Actinopteri",0,0,0,0,0,0,0,0,0,0,39,39,26,33,20,22,0,0,0,0,0,0,0,0,0,0,0,0,0,0,0,0,0,0,0,0,0,0,0,0,0,0,0,0,0
"Rhamphocottus richardsonii_1","Actinopteri",0,0,0,0,0,0,0,0,0,0,0,0,0,0,0,0,0,0,0,0,0,0,0,0,0,0,6,8,0,6,0,0,0,0,0,0,0,0,0,0,0,0,0,0,0
"Salmo trutta_1","Actinopteri",0,0,0,0,0,0,0,0,0,0,0,0,0,0,0,0,0,0,0,0,0,0,0,0,0,0,0,0,0,0,0,0,0,0,0,0,80,0,0,0,0,0,0,0,0
"Salmonidae_1","Actinopteri",0,0,0,0,0,0,0,0,75,0,0,0,0,0,0,0,0,0,0,0,0,0,0,0,0,0,0,0,0,0,0,0,0,0,0,0,0,0,0,0,0,0,0,0,0
"Sardinops_2","Actinopteri",0,0,0,0,0,0,0,0,0,7373,12309,11540,8413,1300,776,999,0,0,0,0,0,0,14235,0,4150,6728,9427,760,858,2303,0,0,0,0,8269,0,0,1467,3989,1127,0,0,0,0,0
"Scomber australasicus_1","Actinopteri",0,0,0,0,0,0,0,0,0,6278,10910,10070,7631,1176,826,974,0,0,0,0,0,0,12115,0,0,0,0,0,0,0,0,0,0,0,7087,0,0,2251,5733,1472,0,0,0,0,0
"Scorpaena guttata_1","Actinopteri",0,0,0,0,0,0,0,0,0,6,0,3,2,0,0,0,0,0,0,0,0,0,0,0,0,0,0,0,0,0,0,0,0,0,3,0,0,0,3,0,0,0,0,0,0
"Scorpaenichthys marmoratus_1","Actinopteri",520,0,878,68,323,0,345,55,0,0,0,0,0,0,0,0,575,471,139,382,0,232,0,323,0,0,0,0,0,0,408,0,563,0,0,713,0,0,0,0,0,0,0,0,0
"Scorpaenichthys marmoratus_2","Actinopteri",0,0,150,0,0,0,0,0,0,0,0,0,0,0,0,0,0,0,0,0,0,0,0,0,0,0,0,0,0,0,0,0,0,0,0,0,0,0,0,0,0,0,0,0,0
"Sebastes entomelas_2","Actinopteri",0,0,0,0,0,0,0,0,0,0,6491,6230,4312,13399,8116,10235,0,0,0,0,0,0,0,0,0,0,0,0,0,0,0,0,0,0,0,0,0,0,0,0,0,0,0,0,0
"Sebastes mystinus_1","Actinopteri",0,0,191,103,0,863,319,85,463,0,0,0,0,0,0,0,0,206,0,0,992,0,0,0,0,0,0,0,0,0,199,0,0,0,0,0,0,0,0,0,0,0,0,0,0
"Sebastes nebulosus_1","Actinopteri",0,0,0,0,0,63,0,69,439,0,0,0,0,0,0,0,0,657,0,0,1257,0,0,0,0,0,0,0,0,0,188,0,0,0,0,0,0,0,0,0,0,0,0,0,0
"Sebastes paucispinis_1","Actinopteri",0,0,674,0,0,0,0,16,0,0,0,0,0,0,0,0,0,0,0,0,162,0,0,0,0,0,0,0,0,0,147,0,0,0,0,0,0,0,0,0,0,0,0,0,0
"Sebastes_12","Actinopteri",0,0,0,0,0,0,0,0,0,0,0,0,0,0,0,0,0,0,0,0,0,0,0,0,0,0,0,23,20,69,0,0,0,0,0,0,0,0,0,0,0,0,0,0,0
"Sebastes_13","Actinopteri",0,0,0,0,0,0,0,0,0,0,0,0,0,0,0,0,0,0,0,0,127,0,0,0,0,0,0,0,0,0,116,0,0,0,0,0,0,0,0,0,0,0,0,0,0
"Sebastes_14","Actinopteri",0,0,0,23,0,0,0,0,0,0,0,0,0,0,0,0,0,0,0,0,0,0,0,0,0,0,0,0,0,0,0,0,0,0,0,0,0,0,0,0,0,0,0,0,0
"Sebastes_15","Actinopteri",0,0,0,0,0,0,0,0,0,0,0,0,0,0,0,0,0,0,0,0,101,0,0,0,0,0,0,0,0,0,0,0,0,0,0,0,0,0,0,0,0,0,0,0,0
"Sebastes_16","Actinopteri",0,0,0,0,0,0,0,0,0,0,0,0,0,0,0,0,0,0,0,0,0,0,0,0,0,0,0,0,0,0,0,0,78,0,0,0,0,0,0,0,0,0,0,0,0
"Sebastes_17","Actinopteri",0,0,0,0,0,0,0,0,0,0,0,0,0,0,0,0,0,0,0,0,0,0,0,0,0,0,0,0,0,0,0,0,41,0,0,0,0,0,0,0,0,0,0,0,0
"Sebastes_18","Actinopteri",0,0,0,0,75,0,0,0,0,0,0,0,0,0,0,0,0,0,0,0,0,0,0,0,0,0,0,0,0,0,0,0,0,0,0,0,0,0,0,0,0,0,0,0,0
"Sebastes_19","Actinopteri",0,0,0,0,0,0,0,0,0,0,0,0,0,0,0,0,0,0,0,0,0,0,0,0,0,0,0,0,0,0,109,0,0,0,0,0,0,0,0,0,0,0,0,0,0
"Sebastes_20","Actinopteri",0,0,0,0,0,0,0,0,0,0,0,0,0,0,0,0,0,0,0,0,127,0,0,0,0,0,0,0,0,0,0,0,0,0,0,0,0,0,0,0,0,0,0,0,0
"Sebastes_21","Actinopteri",0,0,0,0,0,0,0,0,0,0,0,0,0,0,0,0,0,0,0,0,0,0,0,0,0,0,0,0,0,0,49,0,0,0,0,0,0,0,0,0,0,0,0,0,0
"Sebastes_22","Actinopteri",0,0,0,0,0,0,0,0,0,0,0,0,0,0,0,0,0,0,0,0,120,0,0,0,0,0,0,0,0,0,0,0,0,0,0,0,0,0,0,0,0,0,0,0,0
"Sebastes_23","Actinopteri",0,0,0,0,0,0,0,0,0,0,0,0,0,0,0,0,0,0,0,0,135,0,0,0,0,0,0,0,0,0,0,0,0,0,0,0,0,0,0,0,0,0,0,0,0
"Sebastes_24","Actinopteri",0,0,0,0,0,0,0,0,293,0,0,0,0,0,0,0,0,0,0,0,0,0,0,0,0,0,0,0,0,0,0,0,0,0,0,0,0,0,0,0,0,0,0,0,0
"Sebastes_25","Actinopteri",0,0,0,0,0,0,0,0,0,0,0,0,0,0,0,0,0,0,0,0,0,0,0,0,0,0,0,0,0,0,64,0,0,0,0,0,0,0,0,0,0,0,0,0,0
"Sebastes_26","Actinopteri",0,0,0,0,0,0,0,0,0,0,0,0,0,0,0,0,0,0,0,0,101,0,0,0,0,0,0,0,0,0,0,0,0,0,0,0,0,0,0,0,0,0,0,0,0
"Sebastes_5","Actinopteri",0,0,2428,703,382,1516,2063,1948,9996,7,0,0,0,0,0,0,134,0,146,155,21014,781,28,758,0,0,0,0,0,0,7815,0,548,313,15,0,0,14,56,20,0,0,0,0,0
"Sebastes_6","Actinopteri",0,0,471,122,107,29,90,38,0,0,0,0,0,0,0,0,0,0,0,0,702,0,0,1278,31,44,67,20,13,42,2976,0,119,66,0,0,0,0,0,0,0,0,0,0,0
"Sebastidae_2","Actinopteri",0,0,0,0,0,0,0,0,0,0,0,12,0,0,0,0,0,0,0,0,0,0,0,0,0,0,0,0,0,0,0,0,0,0,0,0,0,0,0,0,0,0,0,0,0
"Sebastidae_3","Actinopteri",0,0,0,0,0,88,0,0,0,0,0,0,0,0,0,0,0,0,0,0,0,0,0,0,0,0,0,0,0,0,0,0,0,0,0,0,0,0,0,0,0,0,0,0,0
"Sebastidae_4","Actinopteri",0,407,0,0,0,0,0,0,0,0,0,0,0,0,0,0,0,0,0,0,0,0,0,0,0,0,0,0,0,0,0,0,0,0,0,0,0,0,0,0,0,0,0,0,0
"Somniosus_1","Chondrichthyes",0,0,0,0,0,0,0,0,0,0,0,4,6,0,0,0,0,0,0,0,0,0,3,0,0,0,0,0,0,0,0,0,0,0,0,0,0,0,0,0,0,0,0,0,0
"Spirinchus starksi_1","Actinopteri",0,0,191,0,0,0,172,74,1204,0,0,0,0,0,0,0,0,0,0,0,515,0,0,0,0,0,0,0,0,0,0,1666,0,0,0,0,0,0,0,0,0,0,0,0,0
"Spirinchus starksi_2","Actinopteri",0,0,0,0,0,0,0,62,0,0,0,0,0,0,0,0,0,0,0,0,0,0,0,0,0,0,0,0,0,0,0,0,0,0,0,0,0,0,0,0,0,0,0,0,0
"Squalus_1","Chondrichthyes",0,0,0,0,0,0,0,0,0,0,0,0,0,0,0,0,0,0,0,0,0,0,0,0,0,0,0,0,0,0,0,0,7,0,0,0,0,0,0,0,0,0,0,0,0
"Stenella coeruleoalba_3","Mammalia",0,0,0,0,0,0,0,0,0,0,0,0,0,0,0,0,0,0,0,0,0,0,0,0,12,19,34,114,110,272,0,0,0,0,0,0,0,0,0,0,0,0,0,0,0
"Stenobrachius leucopsarus_3","Actinopteri",0,0,0,0,0,0,0,0,0,0,47070,41448,28750,32268,18185,22081,0,0,0,0,0,0,0,0,0,0,0,0,0,0,0,0,0,0,3,0,0,0,0,0,0,0,0,0,0
"Stenobrachius leucopsarus_5","Actinopteri",0,0,0,0,0,0,0,0,0,0,0,103,0,0,0,0,0,0,0,0,0,0,0,0,0,0,0,0,0,0,0,0,0,0,0,0,0,0,2,0,0,0,0,0,0
"Stichaeidae_1","Actinopteri",0,0,0,0,0,0,0,0,0,0,0,0,0,0,0,0,0,0,0,0,0,0,0,0,159,184,254,248,249,625,0,0,0,0,0,0,0,0,0,0,0,0,0,0,0
"Synchirus gilli_1","Actinopteri",0,0,0,0,0,0,0,0,0,0,0,0,0,0,0,0,312,0,313,0,0,329,0,477,0,0,0,0,0,0,0,0,238,0,0,0,0,0,0,0,0,0,0,0,0
"Syngnathus leptorhynchus_1","Actinopteri",0,0,0,0,0,0,0,0,0,0,820,933,613,698,418,534,0,0,0,0,0,0,0,0,0,0,0,0,0,0,0,0,0,0,0,0,0,0,0,0,0,0,0,0,0
"Tactostoma macropus_4","Actinopteri",0,0,0,0,0,0,0,0,0,3545,0,0,0,0,0,0,0,0,0,0,0,0,6883,0,0,0,0,0,0,0,0,0,0,0,4113,0,0,6347,16570,4870,0,0,0,0,0
"Tarletonbeania crenularis_11","Actinopteri",0,0,0,0,0,0,0,0,0,5058,0,0,0,0,0,0,0,0,0,0,0,0,9153,0,0,0,0,0,0,0,0,0,0,0,5366,0,0,5593,15643,4091,0,0,0,0,0
"Thaleichthys pacificus_1","Actinopteri",0,0,0,0,0,0,0,0,0,3379,0,0,0,0,0,0,0,0,0,0,0,0,5496,0,67,105,102,55,56,165,0,0,0,0,3407,0,0,230,625,188,0,0,0,0,0
"Thunnus_1","Actinopteri",0,0,0,0,0,0,0,0,0,234,0,0,0,0,0,0,0,0,0,0,0,0,358,0,0,0,0,0,0,0,0,0,0,0,284,0,0,63,170,43,0,0,0,0,0
"Trachurus_3","Actinopteri",0,0,0,0,0,0,0,0,0,1503,2476,2147,1631,129,82,91,0,0,0,0,0,0,2603,0,412,686,860,18,33,50,0,0,0,0,1565,0,0,243,641,190,0,0,0,0,0
"Tursiops truncatus_1","Mammalia",0,0,0,0,0,0,0,0,0,0,0,0,0,0,0,0,0,0,0,0,0,0,0,0,2460,3869,5374,19008,19993,54963,0,0,0,0,0,0,0,0,0,0,0,0,0,0,0
"Tursiops truncatus_2","Mammalia",0,0,0,0,0,0,0,0,0,0,0,0,0,0,0,0,0,0,0,0,0,0,0,0,27,26,44,102,146,368,0,0,0,0,0,0,0,0,0,0,0,0,0,0,0
"Xiphister_1","Actinopteri",0,0,0,0,0,0,60,0,0,0,0,0,0,0,0,0,0,0,0,0,0,0,0,0,0,0,0,0,0,0,0,0,0,0,0,0,0,0,0,0,0,0,0,0,0
"Xiphister_2","Actinopteri",0,0,414,0,0,148,179,22,0,0,0,0,0,0,0,0,268,0,0,105,350,216,0,0,0,0,0,0,0,0,0,0,117,0,0,0,0,0,0,0,0,0,0,0,0
"Xystreurys liolepis_1","Actinopteri",0,0,0,0,0,0,0,0,0,12,0,0,2,0,0,0,0,0,0,0,0,0,5,0,0,0,3,0,0,0,0,0,0,0,0,0,0,5,8,0,0,0,0,0,0
"Zalophus_1","Mammalia",0,0,0,0,0,0,0,0,0,0,0,0,0,0,0,0,0,0,0,0,0,0,0,0,2741,4318,5662,16923,18128,50094,0,0,0,0,0,0,0,0,0,0,0,0,0,0,0
